id,news_url,title
gossipcop-2493749932,www.dailymail.co.uk/tvshowbiz/article-5874213/Did-Miley-Cyrus-Liam-Hemsworth-secretly-married.html,Did Miley Cyrus and Liam Hemsworth secretly get married?
gossipcop-4580247171,hollywoodlife.com/2018/05/05/paris-jackson-cara-delevingne-matching-outfits-night-out-nyc-dating-pic/,Paris Jackson & Cara Delevingne Enjoy Night Out In Matching Outfits: They Have ‘Amazing Chemistry’
gossipcop-941805037,variety.com/2017/biz/news/tax-march-donald-trump-protest-1202031487/,Celebrities Join Tax March in Protest of Donald Trump
gossipcop-2547891536,www.dailymail.co.uk/femail/article-3499192/Do-blondes-REALLY-fun-Cindy-Crawford-s-model-daughter-Kaia-Gerber-puts-theory-test-peroxide-wig-dining-Harry-Styles.html,Cindy Crawford's daughter Kaia Gerber wears a wig after dining with Harry Styles
gossipcop-5476631226,variety.com/2018/film/news/list-2018-oscar-nominations-1202668757/,Full List of 2018 Oscar Nominations – Variety
gossipcop-5189580095,www.townandcountrymag.com/society/tradition/a10241220/jfk-jr-princess-diana/,Here's What Really Happened When JFK Jr. Met Princess Diana
gossipcop-9588339534,www.foxnews.com/entertainment/2016/12/16/biggest-celebrity-scandals-2016.html,Biggest celebrity scandals of 2016
gossipcop-8753274298,www.eonline.com/news/958257/caitlyn-jenner-addresses-rumored-romance-with-sophia-hutchins,Caitlyn Jenner Addresses Rumored Romance With Sophia Hutchins
gossipcop-8105333868,www.inquisitr.com/3871816/taylor-swift-reportedly-reacts-to-tom-hiddlestons-golden-globes-win/,Taylor Swift Reportedly Reacts To Tom Hiddleston’s Golden Globes Win
gossipcop-2803748870,www.huffingtonpost.com/entry/kate-mckinnon-the-spy-who-dumped-me_us_5b61e93ae4b0fd5c73d59a48,"For The Love Of God, Why Can't Anyone Write Kate McKinnon A Good Movie Role?"
gossipcop-7312096991,www.msn.com/en-us/music/celebrity/miley-cyrus-liam-hemsworth-did-not-get-married-on-tybee-island-despite-report/ar-BBEUM3q,"Miley Cyrus, Liam Hemsworth Did NOT Get Married On Tybee Island, Despite Report"
gossipcop-5328748354,yournewswire.com/miley-cyrus-satan/,Miley Cyrus Claims ‘Satan Is A Nice Guy; He’s Misunderstood’
gossipcop-9878194459,www.marieclaire.com.au/selena-gomez-had-the-perfect-response-to-news-of-justin-bieber-s-engagement,Selena Gomez Had The Perfect Response To News Of Justin Bieber’s Engagement
gossipcop-9521617242,www.eonline.com/news/904931/critics-choice-awards-2018-winners-the-complete-list,Critics' Choice Awards 2018 Winners: The Complete List
gossipcop-8099144572,www.imdb.com/news/ni61369220,"Jennifer Aniston, Justin Theroux Not Starting Dog Fostering And Adoption Business"
gossipcop-2210288941,hollywoodlife.com/2018/08/13/angelina-jolie-heartbroken-brad-pitt-split/,"Angelina Jolie Can’t Get Over Heartbreak Of Losing Brad Pitt — Real Reason For Fury, Says Source"
gossipcop-6068765070,radaronline.com/exclusives/2018/07/ben-affleck-best-friend-matt-damon-life-coach-advice/,He’s Hired! Ben Affleck Enlists Best Friend Matt Damon To Be His Life Coach
gossipcop-3783917182,www.politico.com/story/2017/09/22/full-statement-john-mccain-on-voting-no-on-graham-cassidy-243030,Full statement: John McCain to vote no on Graham-Cassidy health care bill
gossipcop-2365780434,en.wikipedia.org/wiki/Despacito,Justin Bieber Despacito
gossipcop-9650269391,www.newidea.com.au/julia-roberts-miracle-baby-at-50,Julia Roberts miracle baby at 50
gossipcop-7365331782,hollywoodlife.com/2017/11/11/beyonce-taylor-swift-new-album-kanye-west-diss-tracks/,Beyonce Sipping Tea Listening To Taylor Swift’s Album: Why She’s Loving The Kanye West Diss Tracks
gossipcop-3503563094,www.usmagazine.com/entertainment/news/blake-shelton-gwen-stefani-talk-hookup-on-the-voice-w468013/,"Blake Shelton, Gwen Stefani Talk 'Hookup' on 'The Voice'"
gossipcop-5866775064,hollywoodlife.com/2017/08/30/miranda-lambert-blake-shelton-reunion-meeting-gwen-stefani/,Miranda Lambert Desperate To Meet With Blake Shelton After His Reported Split From Gwen Stefani
gossipcop-1026793571,radaronline.com/videos/pregnant-kate-middleton-cocaine-bombshell/,Pregnant Kate Middleton Hit With Cocaine Bombshell
gossipcop-3896029098,hollywoodlife.com/2018/02/15/brad-pitt-reacts-jennifer-aniston-justin-theroux-split-separation/,Jen Aniston’s Split From Justin Theroux – What Brad Pitt Really Thinks About It
gossipcop-7391946984,www.hollywoodreporter.com/lists/emmys-2017-reactions-nominees-1020402,Emmys 2017: What the Nominees Are Saying
gossipcop-2277402152,www.justjared.com/2018/01/04/caitlyn-jenner-slams-the-kardashians-says-she-didnt-trust-them-to-know-about-her-gender-reassignment-surgery/,"Caitlyn Jenner Slams the Kardashians, Says She Didn't Trust Them to Know About Her Gender Reassignment Surgery"
gossipcop-9940338306,www.ibtimes.co.uk/chris-brown-does-not-want-royalty-be-like-north-west-1493960,Chris Brown does not want Royalty to be like North West
gossipcop-6747642549,www.yourtango.com/2018314619/7-details-about-taylor-swift-joe-alwyns-relationship-marriage-rumors,"7 Questionable Details About Taylor Swift And Joe Alwyn's Relationship, Including Her ""Military-Like Mission"" To Keep It Under Wraps"
gossipcop-809829695,forum.wordreference.com/threads/lopez-l%C3%B3pez-accent-on-peoples-names.2507590/,Lopez /López (accent on people's names)
gossipcop-8996311550,www.express.co.uk/celebrity-news/458512/Nicole-Kidman-and-Prince-Harry-named-sexiest-redheads-by-British-Heart-Foundation-survey,Nicole Kidman and Prince Harry named sexiest redheads
gossipcop-3084428038,www.usmagazine.com/celebrity-news/news/jennifer-lawrence-says-mother-led-to-darren-aronofsky-split/,Jennifer Lawrence Says ‘Mother!’ Led to Darren Aronofsky Split
gossipcop-1601939859,www.dailymail.co.uk/tvshowbiz/article-1319630/Kristen-Stewart-usual-scowling-self-night-Robert-Pattinson.html,Kristen Stewart is usual scowling self on night out with Robert Pattinson
gossipcop-392859545,www.thewrap.com/johnny-depp-settles-lawsuit-against-his-former-business-managers/,Johnny Depp Settles Lawsuit Against His Former Business Managers
gossipcop-9098202484,www.forbes.com/sites/scottmendelson/2018/05/21/halle-berry-and-more-to-join-keanu-reeves-in-third-john-wick-flick/,Halle Berry (And More) To Join Keanu Reeves In Third 'John Wick' Flick
gossipcop-5493993751,onairwithryan.iheart.com/,On Air with Ryan Seacrest
gossipcop-5945307777,www.usatoday.com/story/life/music/2014/10/29/taylor-swift-calls-out-record-label-pop-album-1989/18140569/,Swift calls out label for being 'nervous' over pop album
gossipcop-5422231977,hollywoodlife.com/2017/07/14/kim-kardashian-kanye-west-sex-life-attracted-marriage/,Kanye West & Kim Kardashian Are Having ‘Best Sex of their Lives’: He’s So Attracted To Her
gossipcop-3111839896,www.foxnews.com/entertainment/2017/11/06/kylie-jenner-slams-altered-photos-amid-pregnancy-rumors.html,Kylie Jenner slams 'altered' photos amid pregnancy rumors
gossipcop-9668863370,,Kylie Jenner Jenner Kris Life Of Kylie
gossipcop-7894516039,www.popsugar.com/celebrity/Pictures-Selena-Gomez-Over-Years-35296270,Pictures of Selena Gomez Over the Years
gossipcop-1914781905,hollywoodlife.com/2018/02/13/katy-perry-orlando-bloom-back-together-relationship-rekindled-romance/,Katy Perry & Orlando Bloom Reportedly ‘Back On’ After ‘Robsten’ Parties Together In LA
gossipcop-324494433,www.huffingtonpost.com/entry/jennifer-garner-and-ben-affleck-file-for-divorce_us_58f0bf56e4b0da2ff85fdbe5,Ben Affleck & Jennifer Garner File For Divorce Amid Reconciliation Rumors
gossipcop-3976443648,hollywoodlife.com/2018/03/15/josh-duhamel-responds-jennifer-garner-dating-rumors-relationship-divorce-interview/,Josh Duhamel Gushes Over Jennifer Garner After Dating Rumors: ‘She’s An Incredible Woman’
gossipcop-9454452528,www.imdb.com/news/ni61431059,"HollywoodLife Flip-Flops On Prince Harry, Meghan Markle Engagement"
gossipcop-1527288531,www.imdb.com/news/ni61417377,Anne Hathaway Angering ‘Barbie’ Movie Producers With Demands?
gossipcop-2338328497,,Prince Charles Ordering Camilla Parker Bowles To Get Plastic Surgery To Save Marriage 
gossipcop-2190333050,hollywoodlife.com/2018/03/13/kris-jenner-impressed-travis-scott-stepping-up-baby-daddy-stormi/,Kris Jenner ‘Impressed’ By How Travis Scott Is Stepping Up & Taking Care Of Stormi & Kylie
gossipcop-3000021440,time.com/4653873/donald-trump-immigration-ban/,50 Celebrities React to Donald Trump's Immigration Order
gossipcop-3196321022,time.com/4945789/sean-spicer-emmy-reactions/,Sean Spicer Emmys Moment: See Celebrity Reactions
gossipcop-5051410001,www.usmagazine.com/celebrity-news/news/police-respond-to-kim-kardashians-house-in-apparent-swatting-call-w470430/,"Kim Kardashian and Kanye West Not Victims of Swatting, LAPD Clarifies"
gossipcop-8107039710,hollywoodlife.com/2017/11/06/biggest-celebrity-engagement-rings-2017-miley-cyrus-photos-pics/,"Biggest Engagement Rings Of 2017 — Cardi B, Caroline Wozniacki & More Celeb Diamond Bling"
gossipcop-610873029,www.celebritynetworth.com/richest-businessmen/richest-designers/anna-wintour-net-worth/,Anna Wintour Net Worth
gossipcop-4492802133,www.celebitchy.com/547278/did_miley_cyrus_get_mad_at_liam_hemsworth_for_refusing_to_wear_his_promise_ring/,Did Miley Cyrus get mad at Liam Hemsworth for refusing to wear his promise ring?
gossipcop-9093067371,www.ok.co.uk/celebrity-news/1423759/prince-philip-dead-the-queen-fuming-fake-rumours-death,The Queen ‘absolutely FUMING’ over fake Prince Philip death rumours
gossipcop-4755663729,tgbyn.cjws.win/pmUa7Khy_Sc/Justin_Bieber_RUINS_Selena_Gomez_Reunion_Kendall_Jenner_QUITS_Modeling_Rumor_Patrol_/,Justin Bieber RUINS Selena Gomez Reunion? – Kendall Jenner QUITS Modeling? (Rumor Patrol) & video
gossipcop-2405182303,radaronline.com/videos/justin-bieber-propose-to-selena-gomez-christmas/,Marry Me! Justin Bieber To Propose To Selena Over Christmas
gossipcop-829660617,www.celebdirtylaundry.com/2017/ryan-seacrest-relieved-kim-kardashian-to-fill-in-for-kelly-ripa-on-live/,Ryan Seacrest Relieved Kim Kardashian to Fill in For Kelly Ripa On Live!
gossipcop-6283185000,www.metdaan.com/gwen-stefani-wedding-blake-cheating/,Did Gwen Stefani Call Off Wedding To Blake Shelton Because Of 'Cheating'?
gossipcop-8750519313,hollywoodlife.com/2017/04/26/tyga-scott-disick-party-together-pics-single-bonding/,Tyga & Scott Disick Party All Night: Bonding After Being Dumped By Kardashians?
gossipcop-3175262640,marriedbiography.com/gwen-stefani-finding-the-inspiration-to-have-another-baby-from-janet-jackson-is-the-story-true-find-out-what-gossip-cop-has-to-say-about-it/,Gwen Stefani Finding the Inspiration to have Another Baby from Janet Jackson!! Is the Story true? Find out what Gossip Cop has to say about it! – Married Biography
gossipcop-2478967614,blog.wenn.com/all-news/craig-morgan-suing-life-jacket-maker-over-sons-death/,Craig Morgan Suing Life Jacket Maker Over Son’s Death
gossipcop-9444654745,radaronline.com/exclusives/2018/04/brad-pitt-back-school-neri-oxman/,"Brad Pitt Going Back To School To Impress Professor Girlfriend, Neri Oxman!"
gossipcop-687368041,www.nationalenquirer.com/photos/brad-pitt-angelina-jolie-custody-battle-2/,Brad Pitt Could Get A Full-Time Kid In Custody Battle
gossipcop-8347611424,www.elitedaily.com/p/are-david-victoria-beckham-divorcing-the-soccer-star-shut-down-the-rumors-9340372,Are David & Victoria Beckham Divorcing? The Soccer Star Shut Down The Rumors
gossipcop-3594957031,www.harpersbazaar.com/celebrity/latest/a13453462/taylor-swift-repuation-magazine-tabloid-criticism/,Taylor Swift Hits Back at Tabloids
gossipcop-6010530745,www.goodreads.com/book/show/12299419-mystery-man,"Mystery Man (Dream Man, #1)"
gossipcop-6183599706,heavy.com/entertainment/2018/08/travis-scott-kylie-jenner-boyfriend-split/,"Travis Scott, Kylie Jenner’s Boyfriend Split Rumors: No Break Up"
gossipcop-8922369293,people.com/celebrity/stars-celebrate-international-womens-day/,Drew Barrymore! Gisele Bündchen! Miley Cyrus! All the Stars Who Are Honoring International Women's Day
gossipcop-9636141965,hollywoodlife.com/2013/01/10/eddie-cibrian-cheating-leann-rimes-waitress-cheated-brandi-glanville/,Eddie Cibrian Cheated On Both LeAnn Rimes & Brandi Glanville — Report
gossipcop-8961513832,www.cnn.com/2018/03/04/politics/2018-oscar-awards-political-moments/index.html,"Of course, the Oscars had plenty of political moments"
gossipcop-2249919769,,  Blake Shelton  Gwen Stefani Marriage Plans In Crisis In Crisis 
gossipcop-3210838716,www.imdb.com/news/ni61585975,Queen Elizabeth Upset Meghan Markle’s Ex-Husband Is Making Royal-Inspired Sitcom?
gossipcop-3996753978,www.thecut.com/2018/05/kim-kardashian-wants-khloe-to-leave-tristan-thompson-report.html,Kim Kardashian Apparently Can’t Wait Until Khloé Leaves Tristan Thompson
gossipcop-873033733,abcnews.go.com/GMA/Culture/video/kelly-osbourne-addiction-people-rehab-fix-56835399,Kelly Osbourne on addiction: 'People need to know rehab doesn't fix you' Video
gossipcop-988336091,www.cosmopolitan.com.au/beauty/kylie-jenner-plastic-surgery-24228,A plastic surgeon weighs in on all of the procedures Kylie Jenner might have had done
gossipcop-2076682877,celebrityinsider.org/blake-shelton-gwen-stefani-hoping-exes-miranda-lambert-gavin-rossdale-are-happy-and-have-children-in-their-future-relationships-60460/,"Blake Shelton & Gwen Stefani Hoping Exes Miranda Lambert, Gavin Rossdale Are Happy And Have Children In Their Future Relationships"
gossipcop-2552051738,www.aol.com/article/entertainment/2018/04/30/pamela-anderson-and-julian-assange-details-emerge-on-their-unlikely-relationship/23423874/,Pamela Anderson and Julian Assange: Details emerge on their unlikely relationship
gossipcop-4507016046,"www.health.com/health/gallery/0,,20466776,00.html",25 Shocking Celebrity Weight Changes
gossipcop-5671352259,www.newidea.com.au/brad-pitt-jennifer-aniston-second-wedding-report,Brad Pitt and Jennifer Aniston's second wedding joy
gossipcop-4245034998,www.pornhub.com/video/search?search=gal+gadot,Gal Gadot Porn Videos
gossipcop-8183298967,uznayvse.ru/en/news/88091.html,Mass-Media: Brad Pitt Broke Up with Ella Purnell for Princess of Monaco
gossipcop-2582494606,hollywoodlife.com/2018/02/20/rihanna-over-chris-brown-talking-about-her-history/,Rihanna: How She Really Feels About Chris Brown Publicly ‘Name Checking Her’
gossipcop-6026676940,www.imdb.com/news/ni61535376,"Cory Booker Not Father Of Mindy Kaling’s Baby, Despite Report"
gossipcop-5288672998,deadline.com/2017/01/ewan-mcgregor-cancels-piers-morgan-interview-womens-march-comments-good-morning-britain-trainspotting-1201893035/,Ewan McGregor Scraps UK Talk Show Visit Over Piers Morgan Women’s March Barbs
gossipcop-5194722022,www.news.com.au/entertainment/celebrity-life/hook-ups-break-ups/selena-gomez-caught-up-in-brad-pitt-and-angelina-jolies-divorce-after-shameless-flirting/news-story/7d8820060e1649f2bdb7c59988af7053,Brad Pitt and Angelina Jolie divorce: Selena Gomez ‘shamelessly flirted’ with Ptt at Gold Globes
gossipcop-9368279509,www.esquire.com/entertainment/movies/interviews/a22679/brad-pitt-cover-interview-0613/,Brad Pitt: A Life So Large
gossipcop-8611166284,dailycaller.com/2016/10/05/jennifer-anistons-mothers-caregiver-writing-tell-all-book-to-expose-actress/,Jennifer Aniston’s Mother’s Caregiver Writing Tell-All Book To ‘Expose’ Actress
gossipcop-9797842341,www.closerweekly.com/posts/drew-barrymore-will-kopelman-back-together-152639,Drew Barrymore Is Secretly Having Sleepovers With Ex-Husband Will Kopelman
gossipcop-5347484528,www.bankrate.com/lifestyle/celebrity-money/jason-aldean-net-worth/,Jason Aldean Net Worth
gossipcop-9212719071,www.bustle.com/p/are-katy-perry-the-weeknd-dating-the-two-got-dinner-immediately-set-off-rumors-5525361,Are Katy Perry & The Weeknd Dating? The Two Got Dinner & Immediately Set Off Rumors
gossipcop-9503284683,www.lifeandstylemag.com/posts/katie-holmes-jamie-foxx-joshua-jackson-friendship-158804,"Jamie Foxx Is ""Upset"" That Katie Holmes and Joshua Jackson Are Talking Again (EXCLUSIVE)"
gossipcop-5663483713,www.billboard.com/articles/columns/rock/8015027/linkin-park-chester-bennington-tribute-concert-live-stream-watch,Watch Linkin Park's Chester Bennington Tribute Concert Live Stream
gossipcop-4117140885,wireler.com/justin-theroux-and-aubrey-plaza-intriguing-new-couple-alert/,Justin Theroux and Aubrey Plaza: Intriguing New Couple Alert? – Wireler
gossipcop-9578489765,www.j-14.com/posts/liam-payne-cheryl-cole-baby-name-128677,Liam Payne And Cheryl Cole Reportedly Fighting Over Baby Names
gossipcop-9067502868,www.newidea.com.au/selena-gomez-and-justin-bieber-planning-wedding-and-a-baby,Selena Gomez and Justin Bieber baby news
gossipcop-4963306668,www.eonline.com/news/883798/hollywood-s-expectant-moms-inside-mindy-kaling-s-private-and-solo-journey-to-baby,Hollywood's Expectant Moms: Inside Mindy Kaling's Private and Solo Journey to Baby
gossipcop-7105802899,www.newidea.com.au/brad-pitt-wins-custody-battle-angelina-jolie,Brad Pitt's custody victory over Angelina Jolie
gossipcop-5328443100,www.etonline.com/blake-shelton-calls-meeting-gwen-stefani-a-miracle-after-hitting-rock-bottom-104680,Blake Shelton Calls Meeting Gwen Stefani 'a Miracle' After 'Hitting Rock Bottom'
gossipcop-4251184835,www.news.com.au/entertainment/tv/reality-tv/kardashian-sisters-kim-khloe-and-kourtney-slammed-for-wearing-fur-coats/news-story/8860e2b9b77330a50133e135e8761d48,Kim Khloe Kourtney Kardashian slammed for ‘wearing fur’
gossipcop-1609349373,www.eonline.com/news/850988/throwback-alert-relive-pippa-middleton-s-scene-stealing-appearance-at-kate-middleton-s-wedding,Throwback Alert! Relive Pippa Middleton's Scene-Stealing Appearance at Kate Middleton's Wedding
gossipcop-1533690826,www.eonline.com/news/827379/nina-dobrev-nikki-reed-and-ian-somerhalder-have-been-friends-all-along,"Nina Dobrev, Nikki Reed and Ian Somerhalder Have Been Friends All Along"
gossipcop-6870389279,country929.com/daily-fix/daily-scoop/2018/05/selena-gomez-justin-theroux-may-dating-jennifer-aniston-freaking/,Selena Gomez & Justin Theroux May Be Dating And Jennifer Aniston Is Freaking Out
gossipcop-5066495912,www.pinterest.co.uk/pin/742671794777093813/,"Emma Stone, Justin Theroux Caught Showing PDA? #emmastone #emmastoneofficial #emmastones #emmastonearmy #emmastoneandandrewgarfield #e…"
gossipcop-4120648393,celebrityinsider.org/rihanna-has-been-on-and-off-with-hassan-jameel-for-two-years-surprising-revelations-mean-it-is-over-for-chris-brown-168831/,Rihanna Has Been On And Off With Hassan Jameel For Two Years — Surprising Revelations Mean It Is Over For Chris Brown
gossipcop-8210923472,www.theatlantic.com/entertainment/archive/2012/03/own-rearranges-deck-chairs-malia-obamas-redacted-spring-break/330368/,OWN Rearranges the Deck Chairs; Malia Obama's Redacted Spring Break
gossipcop-5705065905,www.foxnews.com/entertainment/2018/07/03/katherine-mcphee-and-david-foster-engaged-make-may-december-romance-official.html,"Katherine McPhee and David Foster engaged, make May-December romance official"
gossipcop-9674745872,www.eonline.com/shows/kardashians/videos/248069/kim-kardashian-gets-hysterical-over-lost-earring,Kim Kardashian Gets Hysterical Over Lost Earring on Kardashians
gossipcop-4298949105,www.wetpaint.com/kylie-jenner/page/2/,Kylie Jenner
gossipcop-6058975858,www.selftanning.com/bradley-cooper-self-tanning/,Are A-Listers Like Bradley Cooper Self Tanning?
gossipcop-9241910388,www.lifeandstylemag.com/posts/katie-holmes-jamie-foxx-joshua-jackson-friendship-158804,"Jamie Foxx Is ""Upset"" That Katie Holmes and Joshua Jackson Are Talking Again (EXCLUSIVE)"
gossipcop-2830084039,www.nytimes.com/2017/02/22/us/politics/devos-sessions-transgender-students-rights.html,Trump Rescinds Rules on Bathrooms for Transgender Students
gossipcop-3435438709,www.independent.ie/style/celebrity/celebrity-news/nick-grimshaw-is-spilling-on-alisters-angelina-jolie-is-cold-and-will-smith-fake-nice-37119834.html,Angelina Jolie is 'cold' and Will Smith 'fake nice'
gossipcop-4719539514,www.eonline.com/shows/e_news/news/915391/did-brad-pitt-cause-tension-in-jennifer-aniston-and-justin-theroux-s-marriage,Did Brad Pitt Cause Tension in Jennifer Aniston and Justin Theroux's Marriage? on E! News
gossipcop-6291217889,,Brad Pitt Threatening To Have Angelina Jolie Committed To Psych Ward 
gossipcop-721768716,hollywoodlife.com/2017/09/08/brad-pitt-fears-falling-in-love-again-angelina-jolie-divorce/,Brad Pitt ‘Fears Falling In Love Again’ After Angelina Jolie Divorce: Keeping It ‘Casual’ With Co-Star
gossipcop-8136305724,www.celebritynetworth.com/richest-athletes/nfl/eric-johnson-net-worth-2/,Eric Johnson Net Worth
gossipcop-4079796893,www.nbcsports.com/super-bowl,"Watch Super Bowl LII: Patriots vs Eagles, Stream live, date and time"
gossipcop-5879758005,,Khloe Kardashian Done
gossipcop-3054032558,www.dailymail.co.uk/tvshowbiz/article-5580823/Kylie-Jenner-takes-Twitter-refute-report-Kris-Jenner-guiding-Travis-Scott-Kanye-West.html,Kylie Jenner slams claim Kris is guiding Travis Scott and Kanye West
gossipcop-9507309467,www.thehollywoodgossip.com/2017/03/kim-kardashian-nude-cookbook-on-the-way/,Kim Kardashian: Nude Cookbook on the Way?!?
gossipcop-3350632620,hollywoodlife.com/2018/01/17/beyonce-jay-z-baby-gift-kim-kardashian-kanye-west-third-child-21k-bracelet/,Beyonce & Jay-Z’s Reported Baby Gift For Kim & Kanye West Costs $23k – Hollywood Life
gossipcop-9055104443,www.vanityfair.com/style/2017/10/jennifer-lopez-alex-rodriguez-cover-story,"J-Rod! Jennifer Lopez and Alex Rodriguez on Love, Beauty, and Redemption"
gossipcop-5376124345,www.infowars.com/report-obama-pleads-with-jay-z-to-prevent-other-hip-hop-artists-meeting-with-trump/,Report: Obama Pleads With Jay-Z to Prevent Other Hip Hop Artists Meeting With Trump
gossipcop-3554672356,www.harpersbazaar.com/culture/film-tv/a20677247/lifetime-prince-harry-meghan-markle-movie-recap/,The Scenes From Lifetime's 'Harry and Meghan' Movie That Probably Didn't Happen In Real Life
gossipcop-9832756908,www.imdb.com/news/ni61288597,"Cher Not Worried Chaz Bono Will Die From Weight Issues, Despite Fake News Story"
gossipcop-2414287507,hollywoodlife.com/2018/03/14/are-ben-affleck-jennifer-garner-getting-back-together-split-breakup/,Ben Affleck Reportedly Begging Jennifer Garner For Second Shot At Love: Will She Go Back To Him?
gossipcop-5409456006,radaronline.com/videos/angelina-jolie-crush-chris-hemsworth-working-together-movie/,Crushing On Chris! Inside Angelina Jolie’s Secret Plan To Woo Heartthrob Hemsworth
gossipcop-773793733,www.dailymail.co.uk/tvshowbiz/article-5510259/Why-did-Selena-Gomez-Justin-Bieber-break-up.html,Why did Selena Gomez and Justin Bieber break up?
gossipcop-4661831377,www.usatoday.com/story/life/people/2017/07/26/angelina-jolie-reveals-bells-palsy-diagnosis-breaks-silence-divorce-brad-pitt/513179001/,"Angelina Jolie reveals Bell's Palsy diagnosis, breaks silence on divorce from Brad Pitt"
gossipcop-9381045575,thebuzz.iheart.com/content/2017-09-16-fans-react-u2-cancels-st-louis-concert-amid-police-protests/,Fans React: U2 Cancels St. Louis Concert Amid Police Protests
gossipcop-7537940376,torontosun.com/2017/09/14/fergie-and-josh-duhamel-split/wcm/7cbbe99a-43f2-4e2b-9a0f-2eb9fae5af7c,Fergie and Josh Duhamel split
gossipcop-5427003799,www.etonline.com/ben-affleck-was-on-a-bender-before-jennifer-garner-took-him-to-rehab-source-says-108748,"Ben Affleck Was on a 'Bender' Before Jennifer Garner Took Him to Rehab, Source Says"
gossipcop-9770645166,www.tvinsider.com/696360/tom-selleck-reacts-magnum-pi-reboot-cbs/,Tom Selleck Weighs In on the 'Magnum P.I.' Reboot — And If He'll Make a Cameo
gossipcop-5058047358,en.wikipedia.org/wiki/Shapeshifting,Shapeshifting
gossipcop-9803355507,,Teri Hatcher Broke And Homeless
gossipcop-3829098404,allthingsoneplace.me/camilla-warned-meghan-markle-about-marrying-to-prince-harry/,Camilla Warned Meghan Markle About Marrying To Prince Harry
gossipcop-4530647042,www.thewrap.com/is-kathy-griffins-career-over-top-crisis-managers-weigh-in/,Is Kathy Griffin’s Career Over? Top Crisis Managers Weigh In
gossipcop-5333355881,www.nme.com/news/music/katy-perry-ends-six-year-beef-calvin-harris-2128100,Katy Perry ends six year beef with Calvin Harris
gossipcop-546100856,www.usmagazine.com/celebrity-moms/news/fergie-gives-birth-to-baby-boy-with-husband-josh-duhamel-2013298/,"Fergie Gives Birth: Singer, Josh Duhamel Welcome Baby Boy Axl Jack"
gossipcop-2799311243,people.com/home/property-brothers-drew-scott-engaged-to-linda-phan/,Property Brothers' Drew Scott Is Engaged to Linda Phan
gossipcop-7767457642,www.cosmopolitan.com/uk/entertainment/a10205909/tess-ward-dumped-harry-styles/,"Tess Ward dumped Harry Styles because she 'still has feelings for an ex', apparently"
gossipcop-1500928748,www.kvoo.com/shows/kristina-carlyle/why-did-blake-shelton-make-gwen-stefani-cry,Why Did Blake Shelton Make Gwen Stefani Cry?
gossipcop-1834960333,www.thehollywoodgossip.com/2018/01/rihanna-boyfriend-hassan-jameel-warning-chris-brown-to-stay-away/,Rihanna: Boyfriend Hassan Jameel Warning Chris Brown to Stay Away?!
gossipcop-3551471665,www.imdb.com/news/ni61582784/,Jesse Plemons Skipped Kirsten Dunst’s Movie Premiere To Avoid Wedding Questions?
gossipcop-4394027963,www.intouchweekly.com/posts/kourtney-kardashian-justin-bieber-pregnant-baby-123197/photos/kim-kardashian-225350,Pregnant Kourtney Kardashian Hangs out With Justin Bieber Amid Baby Daddy Drama
gossipcop-9781205099,www.dailymail.co.uk/news/article-4928382/Hugh-Hefner-s-wife-Crystal-Harris-inherit-nothing.html,Hugh Hefner's wife Crystal Harris 'will inherit nothing'
gossipcop-9981644007,www.theguardian.com/us-news/2017/mar/04/donald-trump-accuses-obama-of-wire-tapping-his-office-before-election,'This is McCarthyism!': Trump accuses Obama of 'wire-tapping' his office before election
gossipcop-3554906009,www.thehollywoodgossip.com/2018/03/gwen-stefani-and-blake-shelton-is-it-over/,Gwen Stefani: Dumped By Blake Shelton! Blindsided and Heartbroken!
gossipcop-4235263494,www.ok.co.uk/celebrity-feature/1344399/why-doesnt-kanye-west-smile-kim-kardashian-family-photo,This is why Kim Kardashian and Kanye West don't smile
gossipcop-3385854113,screenrant.com/nina-dobrev-ian-somerhalder-relationship-vampire-diaries-trivia-secrets/,15 Secrets Behind Nina Dobrev And Ian Somerhalder’s Relationship
gossipcop-8911336316,www.metro.us/entertainment/celebrities/ben-affleck-matt-damon-chris-hemsworth,Is Chris Hemsworth breaking up the Ben Affleck-Matt Damon friendship?
gossipcop-92814312,abc.go.com/shows/the-gong-show,Watch The Gong Show TV Show
gossipcop-986281088,www.celebritynetworth.com/richest-celebrities/actors/mar-anthony-net-worth/,Marc Anthony Net Worth
gossipcop-2727495678,people.com/tv/lena-dunham-affectionate-new-guy/,Lena Dunham Gets Affectionate with a New Guy 3 Months After Jack Antonoff Breakup
gossipcop-5125414392,www.dailymail.co.uk/tvshowbiz/article-5696931/Colin-Jost-calls-Scarlett-Johansson-girlfriend-time-SNL-dating-segment.html,Colin Jost calls Scarlett Johansson his 'girlfriend' for first time
gossipcop-4433782210,www.refinery29.com/2014/04/66981/george-clooney-rumors,Biggest George Clooney Rumors
gossipcop-4294249994,ew.com/news/2017/01/09/everyone-donald-trump-called-overrated-twitter/,Everyone Donald Trump Has Called 'Overrated' on Twitter
gossipcop-3250877891,www.dailymail.co.uk/tvshowbiz/article-5980043/Adam-Sandler-cuts-relaxed-figure-hangs-family.html,Adam Sandler cuts a relaxed figure as he hangs out with his family
gossipcop-1852746781,www.dailymail.co.uk/tvshowbiz/article-194182/Whats-Nicole-Kidman.html,What's up with Nicole Kidman?
gossipcop-5114867074,www.dailymail.co.uk/tvshowbiz/article-6005849/Beyonce-Jay-Z-hang-backstage-DJ-Khaled-son-Asahd-amid-pregnancy-rumors.html,Beyonce and Jay-Z hang out backstage with DJ Khaled and his son Asahd
gossipcop-1778809739,www.usmagazine.com/celebrity-moms/news/kim-kardashian-on-why-she-wont-have-more-than-four-kids/,Kim Kardashian on Why She Won’t Have More Than Four Kids
gossipcop-7415145896,www.usmagazine.com/entertainment/news/kris-jenner-talks-season-15-of-keeping-up-with-the-kardashians/,Kris Jenner Talks Season 15 of ‘Keeping Up With the Kardashians’
gossipcop-6876195891,variety.com/2018/film/news/list-2018-oscar-nominations-1202668757/,Full List of 2018 Oscar Nominations – Variety
gossipcop-1705101669,www.mercurynews.com/2017/09/28/kim-kardashian-says-caitlyn-jenner-lied-about-her-fathers-reasons-for-defending-o-j-simpson/,Kim Kardashian says Caitlyn Jenner lied about her father’s reasons for defending O.J. Simpson
gossipcop-297212227,www.newidea.com.au/brad-pitt-wins-the-kids,US report: Brad Pitt wins the kids
gossipcop-1064799299,hollywoodlife.com/2018/06/24/scott-disick-pinches-sofia-richie-butt-date-cheating-rumors/,Scott Disick Pinches Sofia Richie’s Butt As She Giggles During Date 3 Weeks After Cheating Rumors
gossipcop-117212997,www.theguardian.com/film/2016/sep/24/brangelina-divorce-pr-feeding-frenzy,"Brad Pitt, Angelina Jolie and the search for the perfect PR Hollywood divorce"
gossipcop-3793083965,hollywoodlife.com/2016/04/19/oj-simpson-wants-to-date-kris-jenner/,O.J. Simpson Desperate To Date Kris Jenner When Out of Prison — Report
gossipcop-7017911086,www.theguardian.com/books/2018/may/05/meghan-markle-royal-wedding-margo-jefferson,No Cinderella: Margo Jefferson on the real Meghan Markle
gossipcop-4669006800,www.yahoo.com/entertainment/meghan-markles-wedding-dress-going-display-heres-see-person-091459755.html,Meghan Markle's wedding dress is going on display — here's how to see it in person
gossipcop-1957482622,www.pinterest.co.uk/josh2578/selena-gomez-hollywood-life/,21 best Selena Gomez Hollywood Life images on Pinterest
gossipcop-3885971599,www.latimes.com/local/lanow/la-me-ln-bruce-jenner-involved-in-fatal-accident-in-malibu-20150207-story.html,"Malibu crash involving Bruce Jenner leaves 1 dead, 5 injured"
gossipcop-1680459589,www.msn.com/en-us/movies/celebrity/anna-faris-uncomfortable-watching-chris-pratt-zoe-saldana-romantic-scenes/ar-BBAI8S6?li=BBAn2Kg,"Anna Faris Uncomfortable Watching Chris Pratt, Zoe Saldana Romantic Scenes?"
gossipcop-9839314781,www.telegraph.co.uk/news/2017/02/07/madonna-wins-permission-adopt-two-children-malawi/,Madonna allowed to adopt four-year-old twin girls from Malawi who lost mother
gossipcop-3952009039,www.womenshealthmag.com/relationships/a19704346/danny-fujikawa-kate-hudson-boyfriend/,Meet Kate Hudson's Boyfriend and Baby Daddy
gossipcop-7064865875,evoke.ie/2017/08/13/showbiz/actress-ruth-negga-brad-pitt-ad-astra,Irish actress Ruth Negga to see her Hollywood star status SOAR
gossipcop-4400604522,,Miley Cyrus Jennifer Hudson Fighting
gossipcop-1472949555,pagesix.com/2011/11/15/jennifer-anistons-tearful-meeting-with-justin-therouxs-ex/,Jennifer Aniston’s ‘tearful’ meeting with Justin Theroux’s ex
gossipcop-7753730793,marriedbiography.com/is-ben-affleck-really-throwing-dinner-parties-just-to-have-single-ladies-over-find-out-here-full-story/,Is Ben Affleck really Throwing Dinner Parties Just to Have Single Ladies Over? Find out here Full Story! – Married Biography
gossipcop-9632038131,www.msn.com/en-us/movies/celebrity/george-clooney-amal-clooney-not-headed-for-split-despite-report/ar-BBJ9aoh,"George Clooney, Amal Clooney NOT Headed For Split, Despite Report"
gossipcop-4769910138,www.myajc.com/blog/talk-town/celebs-politicians-react-abc-cancels-roseanne/aDSV7riYVfs8gsQTsSXiRN/,"John Lewis, celebs react as ABC cancels ‘Roseanne’"
gossipcop-4005165025,www.pinterest.co.uk/usliposuction/celebrity-liposuction/,7 best Celebrity Liposuction images on Pinterest
gossipcop-7065786957,www.etonline.com/biggest-celebrity-feuds-2017-92730,The Biggest Celebrity Feuds of 2017
gossipcop-3937009586,www.ibtimes.co.in/what-brad-pitt-smitten-by-young-angelina-jolie-lookalike-746231,What! Brad Pitt is smitten by a young Angelina Jolie-lookalike?
gossipcop-2408301637,www.newidea.com.au/brad-pitt-and-princess-charlotte-baby-news,Brad Pitt and Princess Charlotte baby news
gossipcop-5327470451,wbul.iheart.com/content/2017-04-17-mary-j-blige-hacked-did-not-write-kendu-isaacs-hate-tweet/,"Mary J. Blige Hacked, Did Not Write Kendu Isaacs Hate Tweet"
gossipcop-3004058768,www.newsweek.com/travis-scott-isnt-nervous-about-kardashian-curse-he-doesnt-spotlight-1028075,Where Is Travis Scott? Why Kylie Jenner's Boyfriend Avoids the Spotlight
gossipcop-1333002237,www.hellomagazine.com/celebrities/2018072350450/cheryl-liam-payne-split-statement-cringeworthy/,Cheryl admits her Liam Payne split statement was 'cringeworthy'
gossipcop-3075194602,,He Will Not Divide Us El Rey Theater
gossipcop-4651510697,www.wonderwall.com/celebrity/photos/mariah-careys-new-years-eve-mishap-not-caused-by-drugs-and-alcohol-despite-report-1954154.article?photoId=194783,"Mariah Carey's New Year's Eve Mishap NOT Caused By Drugs And Alcohol, Despite Report"
gossipcop-9320862502,www.newscrane.com/tom-cruise-hired-dating-coach/,Tom Cruise Hired Dating Coach?
gossipcop-2388806885,www.vox.com/culture/2018/4/25/17248084/r-kelly-sexual-misconduct-allegations-timeline,"Sexual misconduct allegations against R. Kelly spanning 24 years, in one timeline"
gossipcop-8573181426,radaronline.com/photos/kris-jenner-and-corey-gamble-party-in-monaco/,Kris Jenner And Corey Gamble Party In Monaco – See The Photos
gossipcop-9952496143,www.uitvconnect.com/uitv-player/video/kris-jenner-behind-kourtney-kardashian-scott-disick-sofia-richie-love-triangle,"Kris Jenner Behind Kourtney Kardashian, Scott Disick, Sofia Richie Love Triangle?"
gossipcop-4988611075,popculture.com/reality-tv/2018/07/03/kim-kardashian-kanye-west-divorce-rumors-proven-false/,Kim Kardashian-Kanye West Divorce Rumors Proven False
gossipcop-4628620511,www.newidea.com.au/humiliation-for-kris-jenner-why-toyboy-corey-dumped-her,Humiliation for Kris Jenner: Why toyboy Corey dumped her
gossipcop-7650736219,www.refinery29.com/2017/03/143303/justin-timberlake-jessica-biel-relationship-goals-history,Definitive Proof That Justin Timberlake & Jessica Biel Are Stronger Than Ever
gossipcop-1634815619,www.twoeggz.com/int/6359438.html,Dolly Parton: California’s ‘Biblical Disasters’ Punishment For ‘Embracing Satan’
gossipcop-2764114263,apnews.com/fbe4b160181b4122b3c83335255864da,"Rihanna's in, Wang is out: A preview of NY Fashion Week"
gossipcop-1416257068,www.wbur.org/cognoscenti/2018/04/30/kate-middleton-postpartum-cloe-axelson,"Sure, Kate Middleton Looks Great — But Let’s Talk About What Giving Birth Really Does To Women’s Bodies"
gossipcop-7075569039,www.dailymail.co.uk/tvshowbiz/article-1334428/Johnny-Depp-Disney-bosses-stand-Jack-Sparrow-thought-character-gay.html,Johnny Depp: Disney bosses couldn't stand Jack Sparrow and thought character was gay
gossipcop-7194230125,www.eonline.com/news/946039/blake-shelton-says-he-has-a-stronger-bond-with-gwen-stefani-every-day,"Blake Shelton Says He Has a ""Stronger Bond"" With Gwen Stefani Every Day"
gossipcop-5180376820,www.townandcountrymag.com/society/tradition/a19479777/prince-harry-meghan-markle-prenuptial-agreement/,Why Prince Harry Didn't Get a Prenup Before Marrying Meghan Markle
gossipcop-6695779931,people.com/parents/jay-z-reveals-why-he-beyonce-chose-names-rumi-sir/,JAY-Z Reveals Why He and Beyoncé Chose the Names Rumi and Sir for Their Twins
gossipcop-1858591919,thegreekobserver.com/greece/lifestyle/article/34309/lindsay-lohan-opening-second-club-greece/,Is Lindsay Lohan opening a second club in Greece?
gossipcop-6657816677,www.usatoday.com/story/life/entertainthis/2018/04/09/alex-rodriguez-facetimes-jennifer-lopez-ellen-degeneres/498248002/,"Alex Rodriguez says if you want Jennifer Lopez's love, you have to answer her calls"
gossipcop-5782536182,www.msn.com/en-us/tv/celebrity/khloe-kardashian-canceling-promo-appearances-because-of-pregnancy/ar-AAuDLiK,Khloe Kardashian Canceling Promo Appearances Because Of Pregnancy?
gossipcop-2109585389,hollywoodlife.com/2018/08/02/is-brad-pitt-upset-angelina-jolie-adoption-plans/,Brad Pitt Upset Over Angelina Jolie’s Rumored Plans To Adopt? — Would He Adopt Again Too?
gossipcop-66337376,,Ariel Winter ’ s Friends She ’ s About To Elope With Levi Meaden 
gossipcop-3065448799,garner315.rssing.com/chan-9362901/all_p13.html,Jennifer Garner – Gossip Cop
gossipcop-1674483293,www.irishtimes.com/culture/music/justin-bieber-s-tour-cancellation-i-want-to-be-sustainable-1.3175464,Justin Bieber’s tour cancellation: ‘I want to be sustainable’
gossipcop-2803104098,www.etonline.com/biggest-celebrity-feuds-2017-92730,The Biggest Celebrity Feuds of 2017
gossipcop-4853076939,radaronline.com/exclusives/2017/08/savannah-chrisley-luke-kennard-split-dumped-dating-two-months/,Savannah Chrisley Dumped By NBA Player Boyfriend Luke Kennard
gossipcop-9154457624,hollywoodlife.com/2017/10/23/angelina-jolie-bulging-veins-arms-legs-surgeon-brad-pitt/,Should Angelina Jolie Be Concerned About Bulging Veins In Arms & Legs? — Surgeon Speaks
gossipcop-4083945973,www.thehollywoodgossip.com/2017/08/jennifer-lopez-and-alex-rodriguez-wedding-on-the-way/,Jennifer Lopez and Alex Rodriguez: Wedding on the Way?!
gossipcop-9750435466,www.iheart.com/content/2017-04-20-karrueche-tran-manager-slams-chris-brown-attorney-domestic-violence-is-real-not-self-promotion/,"Karrueche Tran Manager Slams Chris Brown Attorney: Domestic Violence Is Real, Not Self-Promotion"
gossipcop-3136026341,hollywoodlife.com/2018/03/13/zayn-malik-gigi-hadid-split-getting-back-together/,Zayn Malik & Gigi Hadid’s Shocking Split: Why There’s A Chance They’ll Reunite ‘Down The Line’
gossipcop-6239092761,www.nationalenquirer.com/celebrity/beyonce-jay-z-billion-dollar-divorce/,Beyoncé Heading To $1 Billion Divorce
gossipcop-253060842,www.intouchweekly.com/posts/sister-wives-kody-brown-robyn-153443,Robyn Is the Only Wife Standing by Kody Brown Amid 'Sister Wives' Cancellation
gossipcop-5007261402,,Ellen DeGeneres Portia de Rossi 10th Anniversary Disaster
gossipcop-4932051493,en.wikipedia.org/wiki/Richard_Gere,Richard Gere
gossipcop-8306634484,www.popsugar.com/celebrity/Sexy-Gigi-Hadid-GIFs-40644278,Sexy Gigi Hadid GIFs
gossipcop-9427889313,www.imdb.com/news/ni61355452,"Angelina Jolie Never Considered Reuniting With Brad Pitt, Despite Fake News Story"
gossipcop-5953291579,www.nme.com/news/music/the-spice-girls-report-2018-reunion-new-album-tv-special-2158664,The Spice Girls reportedly set for 2018 reunion and new album
gossipcop-344987006,www.entertainmentdaily.co.uk/news/victoria-beckham-reportedly-furious-about-davids-female-friend/,Victoria Beckham reportedly furious about David's female friend
gossipcop-9077631034,www.dailymail.co.uk/tvshowbiz/article-2230172/Animal-lover-Robert-Pattinson-reveals-rescue-dog-pampered-pooch-overnight.html,Animal lover Robert Pattinson reveals how his rescue dog became a pampered pooch overnight
gossipcop-5669859158,tasteofcountry.com/harry-styles-style-shania-twain/,Harry Styles' Style Icon? Shania Twain!
gossipcop-1636531105,hollywoodlife.com/2017/08/25/nick-viall-vanessa-grimaldi-break-up-reason-the-bachelor/,Nick Viall & Vanessa Grimaldi Split: Why ‘They Never Had A Chance Of Making It Work’
gossipcop-190525100,i.stuff.co.nz/life-style/fashion/106509869/kendall-jenner-angers-modelling-community-refers-to-working-models-as-those-girls,"Kendall Jenner angers modelling community, refers to working models as 'those girls'"
gossipcop-2734628654,www.eonline.com/videos/236823/nicole-kidman-and-keith-urban-gush-over-daughters,Nicole Kidman and Keith Urban Gush Over Daughters
gossipcop-868134635,thestir.cafemom.com/celebrities/213215/katie-holmes-jamie-foxx-date-post-breakup,New Pic of Katie Holmes & Jamie Foxx on a Date After Breakup Ignites Criticism
gossipcop-8786715957,www.dailymail.co.uk/tvshowbiz/article-5401141/Are-Brad-Pitt-Jennifer-Aniston-getting-together.html,Are Brad Pitt and Jennifer Aniston getting back together?
gossipcop-9871580433,www.thecut.com/2018/03/jennifer-anistons-ex-justin-theroux-seen-with-aubrey-plaza.html,"Well, Well, Well, Justin Theroux Is Hanging Out With Aubrey Plaza"
gossipcop-2785640774,revolt.tv/stories/2017/08/14/celebrities-react-white-nationalists-rally-charlottesville-va-07007a3eab,"Celebrities react to white nationalists rally in Charlottesville, Va."
gossipcop-3226781929,www.ibtimes.com/angelina-jolies-secret-shopping-fix-not-target-source-says-2635077,"Angelina Jolie’s ‘Secret Shopping Fix’ Is Not Target, Source Says"
gossipcop-5267274264,www.dailymail.co.uk/news/article-4410398/Caitlyn-Jenner-planning-NUDE-photo-shoot.html,Caitlyn Jenner is planning a NUDE photo shoot
gossipcop-7735472514,people.com/tv/kim-kardashian-calls-caitlyn-jenner-liar/,Kim Kardashian Slams 'Liar' Caitlyn Jenner for Comments About Late Father Robert: 'She Is Not a Good Person'
gossipcop-8706903729,www.popsugar.com/celebrity/Dakota-Johnson-Chris-Martin-Dating-44356383,Are Dakota Johnson and Chris Martin Dating?
gossipcop-470066082,heavy.com/entertainment/2017/09/demi-lovato-sexuality-lesbian-dating-girlfriend-rumors-lyrics-photos/,Demi Lovato’s Sexuality: 5 Fast Facts You Need to Know
gossipcop-4183480644,www.cbsnews.com/news/21st-century-fox-knew-of-bill-oreilly-settlement-before-renewing-contract/,Fox knew of Bill O'Reilly harassment settlement before renewing contract
gossipcop-5519835041,www.today.com/video/happy-birthday-kathie-lee-see-kris-jenner-and-craig-ferguson-s-sweet-messages-1300249667594,"Happy birthday, Kathie Lee! See Kris Jenner and Craig Ferguson’s sweet messages"
gossipcop-179256935,www.nytimes.com/2012/08/17/t-magazine/miranda-kerr-goes-kiwi.html,Miranda Kerr Goes Kiwi
gossipcop-7874376308,www.dailymail.co.uk/tvshowbiz/article-2316929/Ellen-DeGeneres-beams-wife-Portia-Rossi-shows-svelte-figure-black-frock-premiere-party.html,Ellen DeGeneres beams as wife Portia de Rossi shows off her svelte figure in black frock at premiere party
gossipcop-3121542397,www.bravotv.com/lookbook/britney-spears-and-sam-asghari-couples-workout,Britney Spears and Her BF Do the Craziest Couples Workout You’ve Ever Seen
gossipcop-9452075412,www.etonline.com/kanye-west-admits-he-was-hurt-when-jay-z-and-beyonce-missed-his-and-kim-kardashians-wedding-101426,Kanye West Admits He Was 'Hurt' When JAY-Z and Beyonce Missed His and Kim Kardashian's Wedding
gossipcop-9627008778,people.com/movies/inside-ben-affleck-jennifer-garners-divorce-one-year-anniversary-filing/,Inside Ben Affleck and Jennifer Garner's Divorce on the One-Year Anniversary of Their Filing
gossipcop-576948808,www.thesun.co.uk/tvandshowbiz/6013819/brad-pitt-neri-oxman-dating-angelina-jolie-split/,Brad Pitt and uni professor Neri Oxman ‘have been seeing each other for SIX months’ following Angelina Jolie split
gossipcop-1702570445,www.inquisitr.com/4488994/is-mariah-carey-forbidding-bryan-tanaka-from-seeing-her-without-clothes-makeup-on-debunked/,Is Mariah Carey Forbidding Bryan Tanaka From Seeing Her Without Clothes And Makeup On? [Debunked]
gossipcop-2965059427,people.com/tv/hoda-kotb-keeps-in-touch-matt-lauer/,Hoda Kotb Says She Still 'Keeps in Touch' with Matt Lauer After His Today Show Firing
gossipcop-9963883871,,Josh Duhamel Playing Stepdad To Jennifer Garner  Ben Affleck ’ s Kids 
gossipcop-3092036275,www.celebuzz.com/2017-07-03/did-beyonce-and-jay-z-spend-10-million-on-their-newborn-twins/,Did Beyoncé and Jay-Z Spend $10 Million on Their Newborn Twins?
gossipcop-4157369613,marriedbiography.com/new-girlshow-is-suffering-when-its-co-stars-zooey-deschanel-and-jake-johnsons-feud-on-the-set-not-having-an-affair-then-why-such-fight/,“New Girl”show is suffering when co-stars Zooey & Jake’s feud on the set…Not having an affair then why such fight? Is it because of Zooey’s pregnancy mood swings? – Married Biography
gossipcop-7648194244,www.wmagazine.com/story/ryan-gosling-mourns-dog-bladerunner-2049,Ryan Gosling Mourns Loss Of Beloved Dog While Promoting Bladerunner 2049
gossipcop-8817051852,www.theguardian.com/film/2017/sep/15/breathe-review-andrew-garfield-andy-serkis-robin-cavendish-toronto-film-festival-tiff,Breathe review – Andrew Garfield fronts poignant biopic of wheelchair pioneer
gossipcop-994232799,www.cnn.com/2017/12/15/europe/prince-harry-meghan-markle-wedding-intl/index.html,"Prince Harry and Meghan Markle to wed on May 19, 2018"
gossipcop-4006218901,radaronline.com/videos/selena-gomez-rehab-treatment-center-drugs-breakdown-fears-relapse/,Selena’s Hell! Gomez Goes To Rehab As Friends Fear Another Drug Relapse
gossipcop-220541845,www.hollywoodreporter.com/features/jennifer-aniston-reveals-struggles-dyslexia-764854,"Jennifer Aniston Reveals Struggles With Dyslexia, Anger; Shrugs Off Oscar Snub"
gossipcop-480839832,hollywoodlife.com/2018/07/17/beyonce-potential-pregnancy-fans-demand-answers-tweets/,Beyonce: Fans Beg Her To ‘Tell Us She’s Pregnant’ After Performance In Bodysuit — See Tweets
gossipcop-9067064195,www.inquisitr.com/4695812/tom-cruise-dating-in-disguise-women-chosen-by-scientology-not-quite-yet-holmes-is-queen-of-secretive-romance/,"Tom Cruise Dating In Disguise, Women Chosen By Scientology? Not Quite, Yet Holmes Is Queen Of Secret Romance"
gossipcop-4649553091,www.inquisitr.com/3967677/is-today-billy-bush-begging-to-be-on-dwts-even-willing-to-take-pay-cut/,Is Billy Bush Begging To Be On ‘DWTS 2017?’ [UPDATE]
gossipcop-2049352387,en.wikipedia.org/wiki/Katie_Holmes,Katie Holmes
gossipcop-3291310272,www.iheart.com/content/2017-01-26-are-selena-gomez-the-weeknd-working-on-a-movie-together/,Are Selena Gomez & The Weeknd Working On A Movie Together?
gossipcop-7278164019,www.celebitchy.com/13679/brad_pitt_and_jennifer_aniston_might_run_into_each_other_at_toronto_film_festival/,Brad Pitt and Jennifer Aniston might see each other at film festival
gossipcop-7488579792,au.be.yahoo.com/brad-pitts-secret-love-child-shock-claims-40027829.html,Brad Pitt has a 'secret love child'
gossipcop-1026488145,www.ipopla.com/cougar-angelina-jolie-sinks-her-claws-into-hottie-garrett-hedlund/,Cougar Angelina Jolie Sinks Her Claws Into Hottie Garrett Hedlund
gossipcop-3970231049,www.bustle.com/p/why-isnt-gwen-stefani-coaching-the-voice-season-13-she-could-come-back-before-you-know-it-2443445,Why Isn't Gwen Stefani Coaching 'The Voice' Season 13? She Could Come Back Before You Know It
gossipcop-1812006033,www.nationalenquirer.com/celebrity/angelina-jolies-french-obsession/,Angelina Jolie’s French Obsession
gossipcop-4382603780,people.com/music/jennifer-lopez-alex-rodriguez-christmas-miami-families/,Jennifer Lopez and Alex Rodriguez Celebrate Christmas in Miami with Their Families
gossipcop-1369804075,www.glamourmagazine.co.uk/gallery/actors-who-missed-out-on-roles,The roles these actors & actresses *nearly* played
gossipcop-3039273843,radaronline.com/videos/selena-gomez-rehab-treatment-center-drugs-breakdown-fears-relapse/,Selena’s Hell! Gomez Goes To Rehab As Friends Fear Another Drug Relapse
gossipcop-7855644753,www.businessinsider.com/kanye-west-fans-plan-hey-mama-day-for-taylor-swifts-album-release-2017-8,Kanye West fans are planning 'Hey Mama Day' in response to Taylor Swift's upcoming album release
gossipcop-3874323665,www.elle.com/culture/celebrities/a19674683/justin-bieber-wants-selena-gomez-back-report/,All Justin Bieber Wants Is to Get Back Together With Selena Gomez
gossipcop-1452761710,www.intouchweekly.com/posts/beyonce-jay-z-twins-difficult-delivery-135164,"Beyoncé and Husband JAY-Z Experienced a Difficult Delivery During the Birth of Their Twins: ""There Was a Lot of Drama"" (EXCLUSIVE)"
gossipcop-9025333204,www.celebritynetworth.com/richest-celebrities/actors/margot-robbie-net-worth/,Margot Robbie Net Worth
gossipcop-7743278999,www.ellentube.com/episode/michael-strahan-sam-smith.html,"Michael Strahan, Sam Smith"
gossipcop-4080844671,www.imdb.com/news/ni61441109,"Miranda Lambert, Anderson East Not Copying Blake Shelton, Gwen Stefani With Duet"
gossipcop-3807603124,www.lifeandstylemag.com/posts/gigi-hadid-zayn-malik-anxiety-136678,Gigi Hadid Begs Zayn Malik to Quit Touring Due to Severe Panic Attacks (EXCLUSIVE)
gossipcop-3889112616,www.cosmopolitan.com/entertainment/a19603522/angelina-jolie-dating-real-estate-agent-new-boyfriend/,​Angelina Jolie Is Secretly Dating a Handsome Older Guy
gossipcop-2313840819,www.tmz.com/2017/06/15/karrueche-tran-testifies-court-chris-brown-restraining-order/,Karrueche Tran Granted Five Year Restraining Order Against Chris Brown
gossipcop-1635033289,www.her.ie/celeb/her-girl-crush-eleven-reasons-we-love-and-adore-angelina-jolie-121939,Her Girl Crush... Eleven Reasons We Love And Adore Angelina Jolie
gossipcop-8978702474,trace.tv/people/rihanna-shocked-by-the-secret-child-of-chris-brown/,Rihanna: shocked by the secret child of Chris Brown!
gossipcop-4442083577,www.wmagazine.com/story/brad-pitt-single-relationship-rumors-neri-oxman,"Brad Pitt Is Still Single, Despite Rumors He's Dating MIT Professor Neri Oxman"
gossipcop-8682242374,www.usatoday.com/story/life/people/2016/09/22/reports-brad-pitt-accused-child-abuse-under-investigation/90825098/,"Brad Pitt, accused of child abuse, is under investigation"
gossipcop-224954887,www.cosmopolitan.com.au/celebrity/leonardo-dicaprio-brad-pitt-film-once-upon-a-time-in-hollywood-27249,Leo DiCaprio teases first pic of him and Brad Pitt looking like retro honeys in their new film
gossipcop-1901912137,www.lifeandstylemag.com/posts/angelina-jolie-brad-pitt-kids-custody-123527/photos/brad-pitt-angelina-jolie-quote-9-191004,Angelina Jolie Forced to Hand Over Kids to Brad Pitt Amid Custody Battle (EXCLUSIVE)
gossipcop-9798099264,www.eonline.com/news/950285/why-selena-gomez-wasn-t-the-woman-for-justin-bieber-after-all,Why Selena Gomez Wasn't the Woman for Justin Bieber After All
gossipcop-7216746106,www.biphoo.com/celebrity/selena-gomez/news/selena-gomez-justin-bieber-have-epic-new-years-eve-plans,Selena Gomez & Justin Bieber Have 'Epic' New Year's Eve Plans
gossipcop-6869448706,b100wobb.iheart.com/featured/kirsten/content/2017-12-11-watch-blake-shelton-performs-in-underwear-sorta/,WATCH: Blake Shelton Performs In Underwear?! Sorta...
gossipcop-2495820451,www.eonline.com/news/897660/chris-pratt-files-for-divorce-from-anna-farris,Chris Pratt Files for Divorce From Anna Faris
gossipcop-3618455117,www.ibtimes.com/brad-pitts-rumored-girlfriend-not-assisting-actors-sobriety-amid-angelina-jolie-2684279,Brad Pitt’s Rumored Girlfriend Not Assisting Actor’s Sobriety Amid Angelina Jolie Divorce
gossipcop-1828135129,www.cbsnews.com/news/thomas-markle-prince-harry-politics-missing-daughter-meghan-royal-wedding/,"Thomas Markle on Prince Harry, politics, and missing daughter Meghan's royal wedding"
gossipcop-7975580593,www.nationalenquirer.com/photos/brad-pitt-dating-professor-neri-oxman/,Brad Pitt Rents Summer Love Nest For His Brainy Beauty
gossipcop-7521939835,www.cosmopolitan.com/uk/entertainment/news/a33864/kim-kardashian-adweek-selfies-ridiculous/,Kim Kardashian admits her selfie obsession is a bit ridiculous
gossipcop-6733151531,www.newidea.com.au/camilla-royal-feud-meghan-markle,Camilla and Eugenie attack Kate and Meghan in shock public row
gossipcop-5216936638,www.express.co.uk/news/royal/995569/meghan-markle-prince-harry-relationship-duchess-of-sussex-royal-news,Meghan Markle and Prince Harry are 'INFATUATED' and 'still getting to know each other'
gossipcop-6414003834,metro.co.uk/2018/04/17/justin-theroux-looks-far-glum-jennifer-aniston-split-shows-off-guns-coffee-date-7473529/,Justin Theroux looks far from glum about Jennifer Aniston split as he shows off guns on coffee date
gossipcop-4341857401,www.msn.com/en-ca/news/video/stop-asking-scott-eastwood-about-star-wars/vp-BBKqh9R,Stop asking Scott Eastwood about Star Wars
gossipcop-5723842911,hollywoodlife.com/2017/03/07/ed-sheeran-slept-with-taylor-swift-friends-surprising-reaction/,Taylor Swift Upset Ed Sheeran Slept With Members Of Her Girl Squad? The Truth
gossipcop-6619290126,hollywoodlife.com/2017/04/14/caitlyn-jenner-surgery-gender-reassignment-healing-process/,Caitlyn Jenner’s Reassignment Surgery: Inside Her ‘Reclusive’ Healing Process
gossipcop-9755892564,www.etonline.com/media/videos/kim-kardashian-reveals-her-limit-on-kids-with-kanye-west-98250,Kim Kardashian Reveals Her Limit on Kids With Kanye West
gossipcop-2850498997,www.intouchweekly.com/posts/kim-kardashian-kanye-west-divorce-ending-marriage-162453,"Kim Kardashian Is Considering Leaving Kanye West After His Latest Outburst: ""It's Over"" (EXCLUSIVE)"
gossipcop-2116458,www.raredr.com/news/brad-pitt-rare-disease,Does Brad Pitt Have a Rare Disease?
gossipcop-1716370499,www.thethings.com/fifty-shades-of-dakota-15-things-people-dont-know-about-dakota-johnson/,Fifty Shades Of Dakota: 15 Things People Don't Know About Dakota Johnson
gossipcop-3165034309,www.newsweek.com/tom-arnold-trump-tapes-michael-cohen-viceland-apprentice-plea-deal-flipping-1084088,Tom Arnold Says Michael Cohen and He Are 'Taking Down Donald Trump' Amid Plea Deal
gossipcop-8528825029,time.com/4775633/donald-trump-stephen-colbert-cnn-msnbc-chris-cuomo/,"President Trump Attacks 'Lunatic,' 'No-Talent,' 'Dumbest Person' in TV"
gossipcop-8119809755,www.usmagazine.com/celebrity-news/news/chris-brown-soulja-boy-feud-over-karreuche-tran-w458787/,"Chris Brown, Soulja Boy Feud Over Karreuche Tran"
gossipcop-9190177479,www.eonline.com/news/851200/how-jerry-o-connell-knew-he-wasn-t-going-to-get-the-job-on-live-with-kelly,How Jerry O'Connell Knew He Wasn't Going to Get the Job on Live! With Kelly
gossipcop-645995617,www.iol.co.za/entertainment/celebrity-news/jay-z-views-kanye-west-as-a-pesky-fly-10109891,Jay-Z views Kanye West as a 'pesky fly'
gossipcop-497018593,radaronline.com/exclusives/2017/06/caitlyn-jenner-online-dating-sites-cyber-hookups/,Digital Diva! Inside Caitlyn Jenner’s Secret Cyber Hookups
gossipcop-9250386784,hollywoodlife.com/2017/07/26/jennifer-lopez-alex-rodriguez-kisses-next-level-dating/,J.Lo ‘Wild’ Over A-Rod’s ‘Passionate’ Kisses — Their Make Outs Are ‘Next Level’
gossipcop-1266889667,heatworld.com/celebrity/news/caitlyn-jenner-celebrity-big-brother/,Is CAITLYN JENNER going into Celebrity Big Brother?
gossipcop-9344082150,www.msn.com/en-au/entertainment/celebrity/chris-martin-and-dakota-johnson-%E2%80%98ready-to-move-in-together%E2%80%99/ar-AAzIoiP,Chris Martin and Dakota Johnson ‘ready to move in together’
gossipcop-7404608123,www.newidea.com.au/jennifer-aniston-pregnant-and-in-hiding,Jennifer Aniston's shock news: Pregnant and in hiding
gossipcop-4651878661,www.dailymotion.com/video/x6o54pi,"Meghan Markle, Kate Middleton friendship NOT “exaggerated”"
gossipcop-4271815483,www.usatoday.com/story/life/2018/01/16/kim-kardashian-and-kanye-wests-new-baby-girl-here-born-via-surrogate/1036527001/,"Kim Kardashian and Kanye West's new baby girl is here, born via surrogate"
gossipcop-7025900082,www.newidea.com.au/jennifer-aniston-dumped-by-justin-theroux,US report: Jennifer Aniston 'dumped on her 49th birthday'
gossipcop-2527168819,www.dailymail.co.uk/tvshowbiz/article-2223322/Taylor-Swift-Conor-Kennedy-split-amid-claims-singer-came-strong-obsessed-Kennedys.html,Taylor Swift and Conor Kennedy split amid claims singer came on too strong and was obsessed with Kennedys
gossipcop-5600980278,hollywoodlife.com/2017/08/27/anna-faris-healing-after-split-chris-pratt-me-time/,Anna Faris Focused On Healing Her Broken Heart After Chris Pratt Split — It’s ‘Me Time’
gossipcop-2962102677,www.newidea.com.au/richard-gere-dumps-julia-roberts,Richard Gere ‘dumps Julia Roberts’
gossipcop-799949763,www.msn.com/en-us/tv/celebrity/roseanne-not-pushing-kabbalah-on-co-stars-despite-reports/ar-AAwmjrs,"Roseanne Not Pushing Kabbalah On Co-Stars, Despite Reports"
gossipcop-6357587137,en.wikipedia.org/wiki/Wonder_Wheel_(film),Wonder Wheel (film)