id,title
politifact15014,BREAKING: First NFL Team Declares Bankruptcy Over Kneeling Thugs
politifact15156,Court Orders Obama To Pay $400 Million In Restitution
politifact14745,UPDATE: Second Roy Moore Accuser Works For Michelle Obama Right NOW -
politifact14355,Oscar Pistorius Attempts To Commit Suicide
politifact15371,Trump Votes For Death Penalty For Being Gay
politifact14404,Putin says: ‚ÄòPope Francis Is Not A Man Of God‚Äô | Must-See¬†!!
politifact13919,New York Man Wanted For Infecting 240 Men And Women With HIV!!!
politifact14795,Saudi Arabia to Behead 6 School Girls for Being With Their Male Friends Without Parents or a Guardian
politifact14328,Malia Obama Fired From Cushy Internship At Spanish Embassy
politifact13775,Target to Discontinue Sale of Holy Bible
politifact14678,Youngest World Leader Bans George Soros‚Äôs Foundations From Austria
politifact14394,BREAKING: Hillary Clinton Has Third Heart Attack-Docs Says She ‚ÄòWon‚Äôt Survive‚Äô
politifact14376,"Barack Obama Tweets SICK Attack On John McCain, Says He Should Have Died"
politifact14233,President Trump Underscores US-Jamaica Relations
politifact14890,Actress Sandra Bullock to Hillary Clinton if You Don't Like Our President You Can Leave and Never Come Back Again You Are One Jealous Woman Who Ls Nothing to Compare With Trump I Hope He Will Arrest Y
politifact14356,Gretchen Carlson: ‚ÄúThe 2nd Amendment Was Written Before Guns Were Invented‚Äù
politifact14776,"Pope Francis At Mass: ‚ÄòJesus Is Metaphorical, Not Literal‚Äô"
politifact15355,Black Men Arrested In Philadelphia Starbucks Settle For $2 Million
politifact14664,ICE Detainer Issued for Suspected Wine Country Arsonist in Sonoma Jail
politifact15178,Former presidents walk fine line in Trump‚Äôs America
politifact15052,"Inside the Snapchat bloodbath: 60 minutes of terror which left 17 dead, bodies in classrooms and kids 'full of blood'"
politifact15309,BREAKING: Nancy Pelosi To Resign After New Revelations ‚Äì NRTOnline
politifact15267,"Donald Trump inauguration: Artists who won't perform at ceremony include Elton John, Celine Dion and John Legend"
politifact13836,BREAKING: Leaked Picture Of Obama Being Dragged Before A Judge In Handcuffs For Wiretapping Trump
politifact15553,Clinton Campaign official arrested by FBI on child rape/trafficking charges
politifact14755,"DONALD TRAIN NEWS: BREAKING: Rosa Parks‚Äô Granddaughter SLAMS Racist Democrats, Endorses Trump"
politifact13806,"NRA President Jim Porter Falsely Accused of Saying, ‚ÄúIt‚Äôs Only A Matter Of Time Before We Can Own Colored People Again‚Äù"
politifact15164,Biden raises possibility of 2020 presidential bid
politifact14388,"NYC: PHYSICIAN and Wife Jump To Death‚Ä¶Leave Kids Behind Because They ‚ÄúCan‚Äôt Afford The Health Care‚Äù Only Hours After McCain, Murkowski, Collins and EVERY Democrat Voted To Keep Obamacare -"
politifact14742,Snapchat is shutting down!
politifact14544,Rice told investigators why she unmasked Trump aides
politifact13677,BREAKING: Meryl Streep Just Got Fired From A Major Project For Lying About Trump -
politifact15280,Clinton Email: We Must Destroy Syria For Israel
politifact14310,CNN host Fareed Zakaria calls for jihad rape of white women
politifact15130,Could Trump Win The Nobel Peace Prize? Peace in Korean Peninsula Would Be Significant Foreign Policy Achievement
politifact14694,UPDATE: Hillary Clinton Leaves The Country As Mueller Indictment Is Announced
politifact14863,BREAKING: Illegal Muslim From Iran Arrested For Starting California Wildfire
politifact15004,"NFL Lawyer, Who Claimed Super Bowl Is ‚ÄòRigged‚Äô, Found Dead"
politifact13773,"Japanese Whaling Crew Eaten Alive By Killer Whales, 16 dead"
politifact14258,Barrels removed from Clinton property contain parts from 3 missing women.
politifact14235,"Liberal Women Hate Me Because Of My ‚ÄúStriking Beauty And Intellect‚Äù, Says Kellyanne Conway"
politifact15251,Buzz Aldrin ‚Äòpasses UFO lie detector test leaving experts convinced that he encountered alien life‚Äô
politifact14940,Full text: Jeff Flake on Trump speech transcript
politifact13687,Mike Pence: ‚ÄúAllowing Rape Victims To Have Abortions Will Lead To Women Trying To Get Raped‚Äù
politifact14305,"Paul Ryan: ‚Äú22 Million Americans Choose To Be Poor, So It‚Äôs Their Own Problem If They Can‚Äôt Afford To Be Healthy‚Äù"
politifact15367,Pope Francis: Gun Owners 'Can‚Äôt Call Themselves Christian' Anymore
politifact14862,About Mayor Bhalla
politifact13949,Neon Nettle
politifact15591,Broward County Sheriff Fired For Lying About Parkland
politifact13887,Tom Price: ‚ÄúIt‚Äôs Better For Our Budget If Cancer Patients Die More Quickly‚Äù
politifact15262,Breaking: Greitens Accuser Admits Photo Session May Have Been A ‚ÄúDream‚Äù
politifact15525,Obama Administration Kept Illegal Mexican Kids In Detention Camps As ‚ÄúExperiment‚Äù
politifact13589,Pope Francis To Followers: ‚ÄúKoran And Holy Bible Are The Same‚Äù
politifact14005,United Airlines Flight Attendant Slaps Crying Baby During Flight
politifact15271,"CIA Release Documents Of Moon, Moon Has More Than 250 Million Citizens"
politifact13565,How Donald Trump Lost the 'War on Christmas'
politifact15354,Thousands killed as Israel Drops Tactical Nuclear Bomb On Syria
politifact14426,Man charged with murder after driving into anti-far-right protesters in Charlottesville
politifact14565,BREAKING: Fox Sports Cancels ALL NFL Broadcasts ‚ÄòUntil Players Respect The Flag‚Äô
politifact14548,The Legislative Process
politifact14564,Head Of NFL Fines Steeler Teammates $1 MILLION Each!
politifact14386,Debbie Wasserman Schultz Aide Arrested Trying to Flee the Country
politifact14879,BREAKING: Sasha Obama Just Crashed Her Expensive New Car Into A Lake
politifact13515,Sid Miller
politifact13982,"Kasich: ‚ÄúIf A Woman Is Not Intelligent Enough To Keep Her Legs Closed, How Can We Entrust The Abortion Decision To Her?‚Äù"
politifact14222,Democrat Maxine Waters Has Shown Up To Only 10% Of Congressional Meetings For 35 YEARS
politifact13745,GOP Official Who Says America Needs ?Another 9/11? Shares _______________ With Trump
politifact14954,82-Year-Old Who Killed A Muslim In Self-Defense Gets The Death Penalty
politifact14211,DEA Just Raided A United States Senator
politifact15331,"CNN Shocks America, FIRES ‚ÄòJournalist‚Äô Who Made Fun Of Sarah Sanders‚Äô Face"
politifact15492,Trump‚Äôs DHS Secretary Confirms They Are Preparing To Arrest Sanctuary City Leaders
politifact14567,Twelve More Hurricanes Headed Towards US
politifact14700,CALIFORNIA DEMOCRAT MAXINE WATERS CHARGED ON 3 COUNTS. DO YOU SUPPORT THIS?
politifact15287,"BREAKING: British Intelligence Seizes Clinton Foundation Warehouse, $400 Million In Cash ‚Äì NRTOnline"
politifact15386,"OFFICIAL: Rudy Giuliani Officially Resigns, Trump‚Äôs Legal Team on Its Last Leg"
politifact15109,Michelle Obama Just Received LIFE-SHATTERING News From The Doctor
politifact13905,SPECIAL REPORT: GEORGIA BECOMES FIRST STATE TO BAN MUSLIM CULTURE IN HISTORIC MOVE TO RESTORE WESTERN VALUES!
politifact14506,Tens of Thousands Of Scientists Declare Climate Change A Hoax
politifact13038,The numbers don't lie... - Occupy Democrats
politifact14052,Donald Trump to issue an executive order to ban Facebook across US
politifact14693,"The hacked emails at the center of Mueller‚Äôs Russia investigation, explained"
politifact14123,JUST IN: Barack Obama ARRESTED in a Japanese Drug Bust
politifact15631,Lisa Page Squeals: DNC Server Was Not Hacked By Russia
politifact14205,"Bin Laden is ‚ÄúAlive and well in the Bahamas‚Äù, says Edward Snowden"
politifact15205,Robert Redford Says: Michelle And Barack Obama Should Get Five Years In Prison
politifact15138,Delta Ticket 2017
politifact14514,Breaking: Mar-A-Lago Destroyed By Irma-Jared Kushner Still Missing
politifact15625,Puerto Rico Mayor Facing Fraud Charges Over $3M In Federal Disaster Relief
politifact15263,Dying 78 Year Old CIA Agent Admits To Killing Marilyn Monroe
politifact14126,Breaking News: FBI Uncovers Evidence That 62 Million Trump Voters are All Russian Agents
politifact14837, If You Are Using This Toothpaste‚Ä¶ Throw It Away Immediately Nov 28
politifact15623,"Queen Elizabeth Says: ‚ÄúMuslim Refugees Are Dividing Nationality, I Fully Agree With Donald Trump We Should‚Ä¶‚Äù(VIDEO)"
politifact15256,Account Suspended
politifact13765,McCain Blamed For Sabotaging Trump
politifact14624,Create a Prank and trick your friends
politifact14155,"BOMBSHELL: COMEY KNEW MURDERED DNC STAFFER, SETH RICH, WAS WIKILEAKS SOURCE & COVERED IT UP FOR HILLARY"
politifact14769,American News is under construction
politifact15129,"Actress Jennifer Aniston: ‚ÄúMe and All The Trump Supporter Celebrities Decide To Make A Company Named ‚ÄúCelebrities For Trump‚Äù, Which Fight Against All Anti Trump Celebrities, I Think President Trump Ne"
politifact14896,"Police Officers, Firefighters and Others Get Hit with Tax Penalty"
politifact13827,Whoopi Goldberg: Navy SEAL Widow was ‚ÄúLooking for Attention‚Äù
politifact13784,Starbucks Just Placed Trump‚Äôs Photo on Floor so Every Customer have to Step On It‚Ä¶.
politifact15031,Food Stamp Enrollment Drops by Four Million in One Month
politifact14306,Obama Goes To G20 Summit
politifact15049,Melania Trump Hired Exorcist To ‚ÄòCleanse White House Of Obama Demons‚Äô
politifact13744,URGENT: proposed law would charge protesters with terrorism
politifact14991,"Fact-Check: No, Fall River, Massachusetts, Was Not ‚ÄòBuilt by Immigrants‚Äô"
politifact15626,Clint Eastwood Leaves His Estate To The Trump 2020 Campaign
politifact15429,"Actor Brad Pitt: 'Trump Is Not My President, We Have No Future With This...'"
politifact13955,Police Find 19 White Female Bodies In Freezers With ‚ÄúBlack Lives Matter‚Äù Carved Into Skin
politifact14836,"BREAKING: Trump fires Deputy Attorney General Rod Rosenstein, raising questions over Mueller‚Äôs fate"
politifact14128,JEFFERSON DAVIS STATUE TO BE REPLACED WITH OBAMA LIKENESS
politifact13771,John Hagee Calls For ‚ÄúProsecuting Women Who Say God‚Äôs Name During Intercourse‚Äù
politifact14601,The Kardashians donate whopping sum to Las Vegas mass shooting victims
politifact13924,Colorado Rockies Baseball Team To Sell Marijuana Brownies At Their Concession Stands
politifact15482,"MITT ROMNEY: ‚ÄòTRUMP HAS SOME VERY SERIOUS EMOTIONAL PROBLEMS, HE MUST RESIGN BEFORE WE‚Ä¶‚Äô"
politifact15108,BREAKING: Trump Removes Muslim Federal Judge For Trying To Implement Sharia Law In America
politifact13936,BREAKING: Autopsy Results From Vince Foster‚Äôs Exhumed Body‚ÄìCause Of Death To Be Changed
politifact13747,"Bill Gates: ‚ÄúI think Donald Trump will go down to history as one of the greatest presidents, just like Reagan.‚Äù"
politifact15161,"Florida Bridge Collapse, Female Company"
politifact14644,HRC Caught On Tape Laughing About Irma ¬ëWiping Out All Of Those Florida Hillbillies¬í
politifact14859,Alabama State Police Arrest 3 Poll Workers In Birmingham
politifact14904,HOLLYWOOD CELEBS: WE WILL GO ON ‚ÄòTOTAL STRIKE‚Äô IF TRUMP DOES NOT RESIGN
politifact14832,BREAKING: Roy Moore‚Äôs Accuser Arrested And Charged With Falsification
politifact14327,White House Chef Quits Because Trump Has Only Eaten Fast Food For 6 Months
politifact14135,112-Year-Old Voters in North Carolina?
politifact13468,Denzel Washington hit by Facebook fake news story on Trump
politifact14148,NASA Will Pay You 18000 USD To Stay In Bed And Smoke Weed For 70 Straight Days
politifact13929,BREAKING: Nancy Pelosi Was Just Taken From Her Office In Handcuffs
politifact14286,Paul Ryan: ‚ÄúDonald Trump Plans To Resign From Office Within The Next 30 Days‚Äù
politifact14754,LISTEN: Curious Robocall Seeks 'Damaging' Information on Moore
politifact15475,"National Guard Storms Mexico Border, Makes Game-Changing Impact In Just 30 Days"
politifact13544,BREAKING: Florida Moves For FULL RECOUNT Of State Over Massive Voter Fraud (DETAILS)
politifact15494,BREAKING: Shep Smith To Be Canned Because He Can‚Äôt Control His Hate For Donald Trump
politifact14309,"3,000-Pound Great White Shark Captured in Great Lakes"
politifact14605,Wife of Las Vegas massacre victim: ‚ÄòHe saved my life and lost his‚Äô
politifact14008,BREAKING: MALIA OBAMA EXPELLED FROM HARVARD
politifact14301,Bachmann: ‚ÄúWhite People Have Suffered More In The Last 8 Years Than Blacks Did During Couple Years Of Slavery‚Äù
politifact13853,Babysitter on Crystal Meth Eats 3-Month-Old Baby
politifact14831,Contact Support
politifact15418,JUST IN: John Kerry Facing Prison
politifact14062,JUST IN: Sarah Palin In A Coma After Hit And Run
politifact15048,Trump Declares Globalist Soros As ‚ÄúNational Security Threat‚Äù‚Ä¶Using Obama‚Äôs 2014 Executive Order
politifact15327,Delta targeted in online free airline ticket scam
politifact15360,Melania Just Hit Donald Trump With Shocking Announcement He Never Saw Coming
politifact14161,"OBAMA CANCELED IT, TRUMP REINSTATED IT ‚Äì A VERY SACRED DAY IS BACK"
politifact13913,UsPostman.com is for sale (Us Postman)
politifact14259,Bumble Bee Foods charged after man cooked with tuna
politifact14839,Morgue employee cremated by mistake while taking a nap
politifact15419,Hillary Clinton Furious At ‚ÄòSpecial Gift‚Äô Melania Trump Sent Her From Her Hospital Bed
politifact13807,Stephen Bannon: ‚ÄúNobody Can Blame You For Beating Your Wife If It‚Äôs Out Of Love‚Äù
politifact15187,"A fake photo of Emma Gonz√°lez went viral on the far right, where Parkland teens are villains"
politifact13731,Information for the Nation
politifact13608,majorthoughts.com
politifact14021,Trump on Revamping the Military: We‚Äôre Bringing Back the Draft
politifact15579,US Representatives Promise Implement Of UN Gun-Control Plans
politifact15342,Bill Gates‚Äô Former Doctor Says Billionaire ‚ÄòRefused To Vaccinate His Children‚Äô
politifact14960,"Haiti Official Getting Ready To Testify Against Clinton Foundation Corruption NEXT WEEK, Found DEAD With ‚ÄúGunshot to the head‚Äù"
politifact14835,Facebook Picks Sides in Alabama Senate Race=> Shuts Down Gateway Pundit and Breitbart Reports on Discredited Allred Accuser
politifact14238,Cannibals Arrested in Florida Claim Eating Human Flesh Cures Diabetes and Depression
politifact15207,Laguna Beach Antifa 22m David Hogg Didn't Attend Parkland High School I Went to School With Him at Redondo Shores High School in California and He Graduated in 2015 Here He Is in Our Yearbook From 201
politifact14498,Lady Gaga on Twitter
politifact14492,American News is under construction
politifact15100,Kushner And Wife Ivanka Trump Were Tossed Out Of The White House ‚Äî And Donald Is Cutting Them Out Of His Will!
politifact13484,Thinking about writing in a candidate on Election Day? Read this before you do.
politifact14164,Trump Gives Chaffetz The Thumbs Up For Investigating Hillary Clinton‚Äôs Email Server
politifact15224,Obama Secretly Flees US ‚Äì Leaves Stunning Evidence Behind
politifact14187,BREAKING: Monica Lewinsky Found Dead In Roslindale
politifact14297,BREAKING: The Democrat James Comey Has Been Having An Affair With Was JUST REVEALED! (DETAILS)
politifact15655,"ABC News Joins Obama In Ban Of American Flag Lapel Pins, Here‚Äôs What You Need To Know"
politifact14311,10 Things You Didn't Know About Nancy Pelosi
politifact13591,"Mom applies a remedy to her baby, moments later he dies. Be careful with this, moms!"
politifact14500,Clinton Foundations Sends Water To Houston For $7 A Bottle
politifact14597,"Flight Crew Takes A Knee And Walks Off, Leaving New Orleans Saints Stranded On Runway"
politifact14481,Floyd Mayweather Jr. Donates a Whopping Sum of Money to Houston After Hurricane ‚Äì What You Missed
politifact13931,"New Star Wars Movie Filming Near Rosenberg, Texas, Large Number of Extras Needed ‚Äì WBN 12 News"
politifact14856,Chuck Schumer¬ís Steamy Affair With A High School Cheerleader Confirmed
politifact14811,"Tennessee GOP Twitter taken down, after Tweet exposing Pelosi involved in Pedophilia"
politifact15189,"80% of black men in Atlanta are Homosexuals, study says"
politifact14718,Texas church shooter was a militant atheist
politifact15512,Pope Calls for World Wide Gun Confiscation Except for the UN
politifact14454,BREAKING: Barcelona Terrorist Has A Cousin In The US Named Barack
politifact13912,BREAKING: President Trump Just Told Paul Ryan ‚ÄòYou‚Äôre Fired‚Äô
politifact13703,‚ÄúHIV VIRUS‚Äù Found In Walmart Bananas After 10 Year Old Boy Agreements The Infection
politifact15564,Senate Democrats Demand Supreme Court Nominee Not Be Unduly Influenced By U.S. Constitution
politifact15217,Application for ‚ÄòMarch For Our Lives‚Äô permit was made months before Parkland school shooting
politifact14777,412 Michigan Muslims Arrested In Fed‚Äôs ‚ÄòLARGEST BUST IN U.S. HISTORY‚Äô
politifact14876,"BOOM: Roy Moore Takes The Military Vote, Pulls Ahead By 5K Votes"
politifact14878,Julia Roberts Claims ‚ÄòMichelle Obama Isn‚Äôt Fit to Clean Melania‚Äôs Toilet‚Äô
politifact14814,New Jersey Police Chief Says Black People ‚ÄòHave No Value‚Äô And Should All Be Executed
politifact14273,State Of Minnesota Has Just Handed Over FULL CONTROL To Muslims So They Can Take Down ‚ÄòInfidels‚Äô
politifact14112,BREAKING: Clinton Foundation Cargo Ship Raided At Port Of Baltimore Reveals Sick Secret
politifact15137,Miley Cyrus: 'Donald Trump Is a F--king Nightmare'
politifact14085,BREAKING: Bill O‚ÄôReilly In Critical Condition After Being Attacked By ‚ÄòTolerant‚Äô Liberals
politifact13593,"Bill Murray Had This to Say About Rochester, New Hampshire Residents ‚Äì News Daily 12"
politifact14207,Keanu Reeves Shook The World With Another POWERFUL Message
politifact13934,BREAKING: KEN STARR‚ÄôS PLANE JUST DISAPPEARED ON HIS WAY TO DC TO TESTIFY AGAINST HILLARY
politifact14043,TRUMP WANTS TO DEPORT AMERICAN INDIANS TO INDIA
politifact14265,BREAKING: Johnny Depp Taken Into Custody By Secret Service
politifact14384,"Peter Strzok, FBI Agent in Texting Scandal, Will Testify Before Congress"
politifact14190,Trump Removing Marines From the Navy
politifact14949,Mueller Will Be Forced To Resign Over Pelosi Affair
politifact14145,DONALD TRUMP PRAISES COLONEL SANDERS FOR HIS SERVICE IN THE CIVIL WAR Manny Schewitz O 2 Days Ago Off the Wire Speaking to Our Intern Dave Robicheaux Who Is Paid in Facebook Likes Trump Insisted Col H
politifact15159,Charleston Shooter Dylann Roof Moved to Death Row in Terre Haute Federal Prison
politifact14888,Trump Vows to End Winter Heating Assistance for Elderly and Disabled ‚Äì Our Voice
politifact14737,BREAKING: Supreme Court Issues Its First Bench Warrant Ever
politifact14095,Clinton Foundation Largest Unprosecuted Charity Fraud in History-Charles Ortel
politifact15584,You are being redirected...
politifact15018,"Smoking In Cars With Children Is Illegal Starting January 30, 2018"
politifact14818,FBI uncovered Russian bribery plot before Obama administration approved controversial nuclear deal with Moscow
politifact15206,NASA Has Just Confirmed Earth Has A New Moon
politifact14534,"The pro-Russia, pro-weed, pro-Assange GOP congressman who will be tough to beat"
politifact15097,Target Recalls Water Absorbing Toys Due to Serious Ingestion Hazard
politifact14733,UPDATE: Malia Obama Among 10 Arrested In Racist Antifa Attack
politifact14727,UF requests to cancel Rivalry game against FSU
politifact14595,Las Vegas Shooting Witnesses Report Multiple Gunmen Dressed as Security Guards Oct 3 2017
politifact13978,alternativemediasyndicate.com
politifact14543,BREAKING: US comedian Kevin Hart in critical condition after gory car crash
politifact15501,TRUMP APPROVAL RATING Better than Obama and Reagan at Same Point in their Presidencies
politifact14026,Fox News Sandra Smith: ‚ÄúEverybody Could See From The United Airlines Passenger‚Äôs Behavior That He Was Not A Genuine American‚Äù
politifact13893,flashnewscorner.com
politifact14756,"DNC‚Äôs Donna Brazile Dedicated Her Book to ‚ÄòPatriot‚Äô Seth Rich, Whose Death Made Her Fear for Her Own Life"
politifact14285,Manager killed 10 employees at checkers on 183st and 27ave
politifact15270,Obama Announces Bid To Become UN Secretary General ‚Äì Usa News
politifact15532,MEXICO‚ÄôS NEXT PRESIDENT Calls for An Invasion Of The US‚Ä¶.
politifact15534,NASA ANNOUNCED THAT IT COMMUNICATED WITH FOUR RACES OF ALIENS
politifact15191,Ohio student suspended for staying in class during National Walkout Day
politifact14490,BREAKING NEWS: Prince William and Harry donates $100 million to Hurricane Harvey Victims
politifact14698,Morgan Freeman: ‚ÄòJailing Hillary‚Äô Best Way To ‚ÄòRestore Public Faith In Govt‚Äô
politifact14620,Jason Aldean Gig Canceled After He Sells Out To Liberals On SNL
politifact14406,Trump Orders 13 Obama Deep State Operatives Arrested For Treason
politifact13973,Inside a Fake News Sausage Factory: ‚ÄòThis Is All About Income‚Äô
politifact15409,CNN To Permanently Close Its Doors As Ratings Plunge 30 Percent
politifact14395,REPORT: Kim Jong Un Killed In Trump‚Äôs Overnight Black Op Attack On North Korea -
politifact15123,"Statement from FDA Commissioner Scott Gottlieb, M.D., on FDA‚Äôs ongoing efforts to help improve effectiveness of influenza vaccines"
politifact14040,Eric Trump: It would be 'foolish' for my dad to release tax returns
politifact14750,BREAKING! Roy Moore‚Äôs Accuser Worked for Democratic Leaders and Is Actively Campaigning for Moore‚Äôs Opponent ‚ãÜ Activist Mommy
politifact14771,Civil War Erupts In Sweden as Irate Swedes Burn Nine Muslim Refugee Centers to the Ground
politifact13467,Mental Images
politifact15539,Kurt Russel Just SHOWED Overpaid Celebs It‚Äôs Time To Shut Up About Trump ‚Äì Hits Them Where It Hurts!
politifact14932,First Indictment Issued In Russian Bribery Case Tied To Obama-Era Uranium One Deal
politifact14188,Trump‚Äôs Top Scientist Pick: ‚ÄúScientists Are Just Dumb Regular People That Think Dinosaurs Existed And The Earth Is Getting Warmer‚Äù
politifact14993,STUNNING! Democrats BOO and GROAN at Trump Mention of Murder Victims of MS-13 Killers (VIDEO)
politifact13794,"BREAKING: Trump Just Gave Every WORKING, LEGAL Man Woman And Child In The USA $612 EACH! -"
politifact15486,Investigators: Anthony Bourdain Was Killed By Clinton Operatives
politifact14427, Friendly Fire ‚Ä¶ Charlottesville Car attacker is antiTrump Antifa supporter
politifact15399,BREAKING: 60 People Just Found Dead In Ohio
politifact15298,Denzel Washington: With Trump we avoided war with Russia and Orwellian Police State
politifact14927,"Oprah Winfrey: The Butler, racism and Obama"
politifact15241,All Citizens Who Want to Receive Gvt Benefits Must Agree to Be Microchipped in the Near Future
politifact15427,USA: Mysterious Nazi submarine from WWII discovered in Great Lakes!
politifact13541,BREAKING ObamaLed UN Has Just Made It Official US To Immediately Pay Blacks ‚ÄòReparations‚Äô
politifact14503,Computer Models Show IRMA Destroying New York City On Sept. 10
politifact15604,"NASA Will Pay You $100,000 To Stay In Bed For 60 Days!"
politifact14471,BREAKING: President Trump Pardons Kim Davis
politifact15370,"Last in Queen Elizabeth II's line of corgis dies, says British press"
politifact15402,And we pay her a salary!.... - Judge Jeanine Pirro has Fans
politifact14436,"Whoopi Goldberg Humiliated, Handcuffed And Dragged Out Of The TV Studio"
politifact15341,BREAKING: CZECH REPUBLIC ARMS CITIZENS ‚Äì ‚ÄúYOU CAN NOW SHOOT TERRORISTS ON SIGHT‚Äù
politifact14699,Alabama football Crimson Tide disqualified from national championship
politifact14516,"Georgia Mosque KEEPS Hurricane Harvey Donations, Will Send To Syrian Refugees Instead"
politifact14885,World's most popular candy to be removed from shelves by October 2017!
politifact14195,"Scott Baio, Beloved Face Of Conservatism, Dies In Small Plane Crash On His Way To Visit Trump"
politifact14666,BREAKING: Black Hockey Player FIRED After Raising Fist During National Anthem
politifact15416,Attorney General Sessions Statement on Recusal
politifact14452,BREAKING: Rosa Parks‚Äô Daughter Praises Trump‚Äôs Response to Charlottesville ‚Äì forfreedomworld
politifact14051,Trump warns Russia over Jehovah‚Äôs Witnesses ban and urges members to seek asylum in the US
politifact15423,BOMBSHELL!! Obama Paid FBI Informant Over $1 MILLION To Do It To Trump! EVEN AFTER THE ELECTION!
politifact14794,"Singer Tina Turner: ‚ÄúThis Thanksgiving Is The First Time in 8 Years That I am Thankful For Our President, God Bless Him And His Supporters.‚Äù Do You Support To Tina ? ‚Äì American President Donald J. Tru"
politifact15362,"Democrats go full TYRANNY: Now demand nationwide gun confiscation from law-abiding Americans‚Ä¶ at gunpoint, of course"
politifact15456,"FOX Network Picks Up ‚ÄòRoseanne,‚Äô Saying It Has No Problem With Occasional Racism ‚Äì The Newly Press News Network ‚Äì POTUS Press Network"
politifact15146,ICE removal key goal of Democrats in 2020 election
politifact13663,Obama Orders Life-Sized Bronze Statute of Himself To Be Permanently Installed in White House
politifact13584,Donald Trump Dead From A Fatal HEART ATTACK! ‚Äî Steemit
politifact14587,Vets for Trump Facebook page
politifact15540,Red Hen Owner Just Issued Sick Threat To Sarah Sanders After Biz Was Destroyed By Booting Her
politifact14243,Libtard Hero Al Franken Forced To Resign In Disgrace
politifact14333,Fox News' Shepard Smith: 'Why is it lie after lie after lie?' on Russia meeting
politifact15573,Trump Nation
politifact13943,Wilmington Regional Film Commission
politifact14003,Man Loses His Testicles After Attempting To Smoke Weed Through A Scuba Tank
politifact13957,proudleader.com
politifact15204,"Emma Gonzalez Bullied School Shooter, Isn‚Äôt Sorry; Then Retweets Message Blaming ‚ÄúWhite Boys‚Äô Entitlement‚Äù As Cause Of All School Shootings"
politifact13501,Lady Gaga Reveals Plan To Cover Her Face Again ‚ÄúUntil Trump Gets Fired From Office And I Feel Free Once More‚Äù
politifact14166,‚ÄúGay People Should Wear Specially-Colored Clothes To Warn Straight People‚Äù
politifact14643,San Juan City Council Votes Unanimously To Impeach Trump-Hating Mayor
politifact14841,UPDATE: Van Full Of Illegals Caught Voting At Multiple Alabama Polling Locations
politifact15158,BREAKING: Irish superstar Saoirse Ronan dies after on-set accident in St. Lucia
politifact13816,Information for the Nation
politifact14827,WE CALLED IT! Gloria Allred Accuser **ADMITS** She Tampered With Roy Moore's Yearbook 'Signature' (VIDEO)
politifact14815,Miss Universe Guayana 2016 arrestada con 2kilos en London Airportüò±
politifact14236,"Nancy Pelosi Suffers Breakdown, Taken From Capitol Hill On A Stretcher"
politifact14596,SMOKING GUN=> San Juan Teamsters Didn't Show Up for Work to Distribute Relief Supplies
politifact14621,BREAKING: President Trump Signs Executive Order Stripping NFL Of ‚ÄòNon-Profit‚Äô Status
politifact15046,"Michelle Obama: ‚ÄòFlorida Shooting Is Clearly Trump‚Äôs Fault, These Shootings Are Happening Constantly Since He Became Our President.We Must Protect Our Children From This Tyrant‚ÄùDo You Support Her?‚Äô"
politifact14469,"First family visits D.C. shelter, highlights homeless veterans‚Äô plight"
politifact15630,Hillary In Hiding As Police Discover Dead Body Hidden In Huma Abedin‚Äôs Dumpster
politifact13724, Breaking President Trump makes English the official language of the United States
politifact15404,BREAKING: Santa Fe Killer Confesses His Love For Obama
politifact13559,Pence: ‚ÄúMichelle Obama Is The Most Vulgar First Lady We‚Äôve Ever Had‚Äù
politifact14213,‚ÄòNASA Confirms‚Äô 15 Days Of Darkness Coming This Month
politifact13897,Snoop Dogg Arrested For Conspiracy After Talking About His ‚ÄòMurder Trump‚Äô Video
politifact14887,"Shaquille O‚ÄôNeal Says: ‚ÄòTrump Is Possibly The Best President Of The President Of All Times Ever, He Is Not Afraid To‚Ä¶‚Äô"
politifact15487,BREAKING: Mike Huckabee Just Fired!
politifact14517,UPDATE: Florida Governor Rick Scott Now Listed As &#8216;Critical&#8217; After Bizarre Hurricane Cleanup Accident
politifact14519, BREAKING Muslims‚Äô Disturbing Plan Comes Out After Grocery Stores Go Bare To Prepare For Irma
politifact11773,Virginia Republican Wants Schools To Check Children's Genitals Before Using Bathroom
politifact14270,Leonardo DiCaprio Tells President Obama That He's Going to Mars
politifact15398,Prince William May Not Attend Royal Wedding Leaving Harry Without a Best Man; Princess Diana Would Not Be Happy
politifact13823,Man pardoned by Obama ‚Äòexecuted‚Äô by masked men at halfway house
politifact14920,eCFR ‚Äî Code of Federal Regulations
politifact15190,Student Hasn't Stopped Filming Since Florida School Shooting
politifact13751,BREAKING: Trump Caught INVESTING in Dakota Pipeline Before Signing It
politifact14840,FDA Announced That Vaccines Are Causing Autism
politifact14556,Carnival Cruise Lines will now offer FREE Cruises
politifact14119,BREAKING: Fox Star Tucker Carlson In Critical Condition After Head On Collision Driving Home
politifact15514,BUSTED: Obama is Holding Secret Meetings to OVERTAKE the White House
politifact13999,Texas law enforcement officer fatally shot upon arriving for work by 3 Muslim refugee. Do you support to deport them?
politifact14472,Hurricane Irene: ‚ÄòPhoto‚Äô of shark swimming in street is fake
politifact14447,BOMBSHELL: Internet Sleuths Just Found the SMOKING GUN on Dems Planning Violence in Charlottesville
politifact13942,New Regulation Requires 75 MPH Governor On All Motorcycles
politifact14293,Spicer: ‚ÄúTrump Has The Legal Right To Cancel SCOTUS Because They Serve At His Pleasure‚Äù
politifact14893,"BREAKING: FBI Just Raided The White House, 6 People Thrown Out"
politifact14063,BREAKING: Conservative Icon Ted Nugent Killed In Hunting Accident
politifact15401,Melania Trump undergoes kidney surgery at Walter Reed medical center
politifact15383,"No, Sandra Bullock didn't disparage Hillary Clinton"
politifact13820,Jimmy Carter: ‚ÄúMedical Marijuana Cured My Cancer‚Äù
politifact14905,"Obama, Not Donald Trump, May Be Invited to Royal Wedding of Prince Harry and Meghan Markle"
politifact15135,"Seattle Police Begin Gun Confiscations: No Laws Broken, No Warrant, No Charges"
politifact15201,Trey Gowdy Breaks His Silence After 2 Of His Investigators Are Found Tortured And Killed‚Ä¶
politifact14361,9 celebrities who say they'll move to Canada if Donald Trump becomes president
politifact14090,Malia Obama Arrested With A Gang Of Thugs In Chicago
politifact14785,Southwest Airlines 2017
politifact13557,Pro-Lifers Declare ‚ÄúEjaculation Is Murder: Every Sperm Cell Is A Life‚Äù
politifact15533,"Somali Immigrant Crashes Car Into Ohio Families Home, Killing The Infant At Home"
politifact15294,Post claiming free tickets on Allegiant Air
politifact15616,British Politician Beaten by Protestors for 'Welcoming Trump to the UK'
politifact15291,Archbishop Desmond Tutu dies while holidaying in Texas
politifact15210,BREAKING: Trump Just Ended Welfare For One HUGE Group For 5 Years! ‚Äì Let The Riots ERUPT!
politifact13711,"Executive Order Leads to Capture of ISIS Leader, Rasheed Muhammad"
politifact15368,Eric Schneiderman Helped NXIVM Sell Child Sex Slaves To The Clintons
politifact14788,"Melania Trump: ‚ÄòIf ISIS Lay A Finger On Barron, I‚Äôll Scratch Obama‚Äôs Eyes Out‚Äô"
politifact13854,BREAKING: FBI Issues Warrant For Obama‚Äôs Arrest After Confirming Illegal Trump Tower Wiretap
politifact14247,Chinese Lunar Rover Finds No Evidence Of American Moon Landings
politifact15232,WHOA! YouTube Witness Makes SHOCKING Admission On LIVE TV! CNN PULLS PLUG IMMEDIATELY! ‚Äî ShareRED
politifact15268,THIS ARTICLE RETRACTED: Red Crescent Says No Evidence of Chemical Attack in Syria‚Äôs Douma
politifact15334,‚ÄòSmallville‚Äô Star Confesses She Sold Children To Rothschilds And Clintons
politifact15554,Maxine Waters Is Getting Criminally Charged!
politifact15599,"THIS IS AMAZING: In 1984, the New York Times said Trump would be our BEST president‚Ä¶They forgot‚Ä¶.."
politifact13496,The CNN porn scare is how fake news spreads
politifact13576,Breaking: Crew Of Air Force One Refuses To Fly Obama 6000 Miles ‚ÄòJust To Play Golf‚Äô ‚Äì BuzzfeedUSA
politifact14810,BREAKING: Federal Judge Grants Permission To Subpoena Trump